,index,Answers,Address
0,211,Know exactly how much you can earn from your FD investments using this calculator.,https://www.bajajfinservmarkets.in/Investment/fixed-deposit/fd-calculator.html
1,208,Calculate the returns based on the investment made in Sukanya Samriddhi Yojana Scheme.,https://www.bajajfinservmarkets.in/Investment/sukanya-samriddhi-yojana-calculator.html
2,130,"‘If you think nobody cares if you’re alive, try missing a couple of car payments.’

This Earl Wilson quote from yesteryear makes us chuckle, but is so relevant in",https://www.bajajfinservmarkets.in/discover/expert-speak/emi-store/buy-now-pay-later-the-emi-route-to-ownership
3,125,"If you are not very fond of carrying cash every time you go out shopping, don’t worry, the credit card has your back. Credit card is a payment card",https://www.bajajfinservmarkets.in/discover/expert-speak/emi-store/credit-cards-101-a-handy-guide
4,131,"Ever since the demonetization announcement in November 2016, India has seen a revolution in the fintech industry. The temporary cash crunch brought with it a boom in the digital transactions",https://www.bajajfinservmarkets.in/discover/expert-speak/emi-store/digital-financing-need-of-the-hour
5,127,"Wouldn’t it be extremely convenient if you do not have to wait to get credit at the retail store, or if you could get EMI without a credit card",https://www.bajajfinservmarkets.in/discover/expert-speak/emi-store/how-prepaid-payment-instruments-can-change-the-face-of-indias-payment-industry
6,128,The exponential growth of the digital payment sector is driven by multiple factors including convenience to pay along with the ever-growing smartphone penetration. This has contributed significantly to the,https://www.bajajfinservmarkets.in/discover/expert-speak/emi-store/india-is-embracing-new-payment-methods-are-you
7,129,"Being largely a cash-obsessed economy, India’s nascent digital payment story is exciting. Increased penetration of mobile internet backed by progressive regulatory policies has transformed the Indian payment industry",https://www.bajajfinservmarkets.in/discover/expert-speak/emi-store/indias-digital-payment-journey-is-headed-in-an-exciting-new-direction
8,126,"Over the past few years, mobile handset manufacturing has rapidly gathered pace in India. The country could emerge as a major exporter in the future. Local electronics manufacturing has been",https://www.bajajfinservmarkets.in/discover/expert-speak/emi-store/the-pillar-of-digital-india-mobile-manufacturing
9,121,"In the event that a customer is unhappy with their current car insurer, he or she can always opt for any other insurer while renewing their car insurance. One can",https://www.bajajfinservmarkets.in/discover/expert-speak/insurance/a-7-point-checklist-for-renewing-your-car-insurance
10,116,"An individual is prone to many risks like death, financial loss due to disability, accidental damage to assets resulting in the loss of production, etc. Such things may result in",https://www.bajajfinservmarkets.in/discover/expert-speak/insurance/a-cheat-sheet-on-insurance-and-its-types
11,118,"The insurance industry in India is at the crossroads of development. For any country and its economic development, having a well-developed insurance sector that is constantly evolving is a",https://www.bajajfinservmarkets.in/discover/expert-speak/insurance/a-crash-course-on-the-indian-insurance-industry
12,120,"Administering multiple health insurance policies can be confusing, especially the claims process. So, in case you have multiple health insurance policies but are clueless about the claim settlement process, the",https://www.bajajfinservmarkets.in/discover/expert-speak/insurance/do-multiple-health-insurance-claims-confuse-you-look-no-further-for-clarity
13,117,"Term insurance plans are fast becoming a necessity in today’s fast-paced, modern life. To maintain their financial portfolio, people have increasingly been seeking such plans. They provide a",https://www.bajajfinservmarkets.in/discover/expert-speak/insurance/here-are-some-invaluable-hacks-to-reduce-your-term-insurance-premium
14,124,"In a world full of uncertainties, one has to plan for unexpected events like medical emergencies and hospitalizations. Thankfully, people today have become more aware of the health insurance and",https://www.bajajfinservmarkets.in/discover/expert-speak/insurance/high-value-health-insurance-demystified
15,115,"Importance of Financial Security

At the beginning of this year, nobody could have imagined that a pandemic would affect lives across the globe and cause several deaths. This has not",https://www.bajajfinservmarkets.in/discover/expert-speak/insurance/life-insurance-in-times-of-pandemic
16,122,"Investing in a big, new purchase always promises to be an experience of a lifetime, and is a decision that needs to be made with caution. There are a million",https://www.bajajfinservmarkets.in/discover/expert-speak/insurance/looking-for-handy-tips-to-save-money-on-your-vehicle-purchase-look-no-further
17,123,"Let’s start you off with some of the most commonly heard terminologies starting with ‘A’ related to insurance.

 	
Accident


Any event which is unexpected in nature. This can be",https://www.bajajfinservmarkets.in/discover/expert-speak/insurance/the-insurance-terminology-starter-kit
18,119,"There are hundreds of health insurance plans in the market. Each plan has a different set of coverage features and is, therefore, priced differently. Moreover, health insurance companies also compete",https://www.bajajfinservmarkets.in/discover/expert-speak/insurance/want-to-change-your-health-insurer-but-scared-of-losing-benefits-relax-and-read-along
19,105,"There may be times in our life when we immediately require more money than what we have as savings. In such situations, NBFCs can help a person quickly and easily",https://www.bajajfinservmarkets.in/discover/expert-speak/loans/afraid-of-loan-rejection-heres-how-you-can-avoid-it
20,110,"Loans come in all sorts of different types and forms, which is why there is a variety of factors you should consider before you apply for a loan. Determining the",https://www.bajajfinservmarkets.in/discover/expert-speak/loans/applying-for-a-loan-heres-everything-you-need-to-know
21,112,"Catering to the diverse financial needs of the country, Non-banking financial companies play an important role in promoting inclusive growth. NBFCs like Bajaj Finserv Limited often take the lead",https://www.bajajfinservmarkets.in/discover/expert-speak/loans/how-do-nbfcs-help-in-the-smooth-functioning-of-the-economy
22,113,Looking to buy a new car or go on a family trip to your dream destination? Are you faced with a medical emergency that requires immediate funds? Or how about,https://www.bajajfinservmarkets.in/discover/expert-speak/loans/the-a-zs-of-availing-a-loan
23,111,The Reserve Bank of India (RBI) guidelines on interoperability of prepaid payment instruments (PPIs) was a much-awaited step under the revised PPI road map announced in December 2017. After,https://www.bajajfinservmarkets.in/discover/expert-speak/loans/the-revolution-powered-by-the-interoperability-of-prepaid-payment-instruments
24,109,"Provided you meet certain conditions, joint home loans can be a good tax-saving method. You need to be joint owners of the home to avail the lucrative tax benefits",https://www.bajajfinservmarkets.in/discover/expert-speak/loans/the-secret-to-lower-taxes-and-lighter-home-loan-burden-joint-home-loans
25,107,"Your property is an asset that can truly help you reap numerous financial benefits. Be it a property for the purpose of living in or for an investment, the banking",https://www.bajajfinservmarkets.in/discover/expert-speak/loans/the-ultimate-guide-to-taking-out-a-home-loan
26,114,"You might have come across the novel profession of a data scientist in your professional/student life. In a world where data is the new oil and currency, it is",https://www.bajajfinservmarkets.in/discover/expert-speak/loans/to-be-or-not-to-be-a-data-scientist
27,108,Financial institutions attempt to mitigate the risk of lending to borrowers by performing credit analysis on individuals and businesses applying for a new credit account or loan. This process is,https://www.bajajfinservmarkets.in/discover/expert-speak/loans/understanding-the-five-cs-of-credit
28,106,"NBFCs are quickly adopting best-in-class technology to bring about disruption and foster future growth. The Indian lending industry, significantly the non-banking financial companies (NBFCs), are increasingly relying",https://www.bajajfinservmarkets.in/discover/expert-speak/loans/what-nbfcs-are-getting-right-about-indias-digital-future
29,132,"Finserv MARKETS is an award-winning digital financial services marketplace. We offer over 27 financial products to over a million customers. The products range across Loans, Insurance, Investment, and Payments",https://www.bajajfinservmarkets.in/discover/expert-speak/technology/7-key-pillars-of-the-finserv-markets-platform
30,35,"As much as one can love travelling, it is widely known that travelling light can drastically improve the experience. The mantra extends to the currency you carry - which is to",https://www.bajajfinservmarkets.in/discover/journals/blogs/credit-card/5-credit-card-features-that-exclusively-benefit-a-traveller-like-you
31,30,"Credit Cards have drastically changed the way we look at our finances. Time and again, they have brought premium products within our buying reach and with this, have taught us",https://www.bajajfinservmarkets.in/discover/journals/blogs/credit-card/how-important-are-credit-card-statements
32,34,"A credit card is a critical payment instrument. It helps you to transact without worrying about the balance in your account, helps build a credit history and offers rewards and",https://www.bajajfinservmarkets.in/discover/journals/blogs/credit-card/how-to-choose-the-right-credit-card
33,36,"Credit cards are essentially instruments of payment that let you transact on the principle of ‘buy now, pay later’ up to a pre-defined and pre-approved credit limit. As",https://www.bajajfinservmarkets.in/discover/journals/blogs/credit-card/how-to-convert-credit-card-purchases-into-easy-emis
34,32,"The circulation of credit cards in India touched 48.9 million in May 2019, according to data from the Reserve Bank of India, a rise of 27% from 38.6",https://www.bajajfinservmarkets.in/discover/journals/blogs/credit-card/how-to-improve-credit-card-eligibility-and-what-are-the-influential-factors
35,39,"The festive season is about to start and yet again, it is going to be the most promising time of the year. With this year’s Diwali sale set to",https://www.bajajfinservmarkets.in/discover/journals/blogs/credit-card/using-your-credit-card-during-the-festive-season
36,37,A credit card is a payment instrument that you can use to make a plethora of payments and transactions with just a swipe. Depending on the variant of credit card,https://www.bajajfinservmarkets.in/discover/journals/blogs/credit-card/using-your-credit-card-hacks-and-tips
37,31,"Credit cards are one of the many instruments of cashless payments. What sets them apart from other cashless modes of payment is the concept of ‘buying on credit’. Simply, a",https://www.bajajfinservmarkets.in/discover/journals/blogs/credit-card/what-is-a-credit-card
38,33,"Credit cards and debit cards are both equally handy instruments of payment. Both of them eliminate the need to carry cash everywhere. With cards, all you have to do is",https://www.bajajfinservmarkets.in/discover/journals/blogs/credit-card/which-is-better-credit-card-or-debit-card
39,38,"This takes me back to my first job in an IT company. First job and all, all my relatives and friends back in my home town wanted a party from",https://www.bajajfinservmarkets.in/discover/journals/blogs/credit-card/why-bajaj-finserv-supercard-is-the-best-in-the-market
40,47,The Bajaj Finserv EMI Network Card is a payment system which lets you buy your favourite products on EMI without the hassles of a credit card. Before we get to,https://www.bajajfinservmarkets.in/discover/journals/blogs/emi-card/7-things-that-the-bajaj-finserv-emi-network-card-can-help-you-buy
41,41,"On November 27th the biggest retailers are bringing a Mega Black Friday sale over to you. Black Friday deals are everywhere right now  — Amazon, Flipkart, and Samsung, to name a",https://www.bajajfinservmarkets.in/discover/journals/blogs/emi-card/black-friday-sale-and-offers-with-bajaj-finserv-emi-network-card
42,49,"Imagine buying an expensive refrigerator for your home or that smartphone you have been eyeing, or tickets for that trip you have been looking forward to for a long time",https://www.bajajfinservmarkets.in/discover/journals/blogs/emi-card/buy-now-and-pay-later-in-easy-no-cost-emis-during-a-cash-crunch
43,45,Online shopping is effortless and convenient; but what makes it truly exciting is the host of special sales that offer the best discounts and offers on your favourite products. One,https://www.bajajfinservmarkets.in/discover/journals/blogs/emi-card/flipkart-sale-with-bajaj-finserv-emi-network-card-for-no-cost-emi-shopping
44,44,"If you have been deeply attracted by all things spooky, Halloween must be your favourite holiday on the calendar. Halloween day marks the Celtic New Year, which was celebrated by",https://www.bajajfinservmarkets.in/discover/journals/blogs/emi-card/halloween-celebrations-in-india-with-bajaj-finserv-emi-network-card
45,48,"Are you holding yourself back from splurging on your birthday or putting off buying an essential home appliance in fear of overshooting your budget? Well, we have all been there",https://www.bajajfinservmarkets.in/discover/journals/blogs/emi-card/hassle-free-application-and-eligibility-for-instant-bajaj-emi-network-card-approvals
46,42,"Children’s day is one of the few days during the year, apart from their birthday and certain festivals like diwali or christmas, that children get gifts of their choice",https://www.bajajfinservmarkets.in/discover/journals/blogs/emi-card/online-gifts-for-your-children-for-childrens-day
47,43,The beginning of Navratri marks the beginning of the shopping spree for Indian households as it sets the stage for many festivals to come. The festival is symbolic of the,https://www.bajajfinservmarkets.in/discover/journals/blogs/emi-card/shopping-lessons-for-navratri-2020-with-bajaj-finserv-emi-network-card
48,46,Shopping online is an enjoyable and relaxing way of purchasing all your favourite items. You get to browse through catalogues of products by some of the best brands and enjoy,https://www.bajajfinservmarkets.in/discover/journals/blogs/emi-card/top-products-to-buy-on-amazon-with-bajaj-finserv-emi-network-card
49,51,"In today’s age of online streaming, entertainment has found a variety of forms and a range of platforms on which to showcase them. Be it music, movies, TV shows",https://www.bajajfinservmarkets.in/discover/journals/blogs/emi-store/explain-each-platform-in-the-markets-bundle-in-brief
50,50,"India is a land of many festivals. With each celebration comes along some much-needed cheer and happiness. There’s a lot of family time you can enjoy, there’s",https://www.bajajfinservmarkets.in/discover/journals/blogs/emi-store/know-more-about-the-grand-emi-festival-sale-at-bajaj-finserv-estore
51,57,The Galaxy A51 is the latest mid-range addition to the Galaxy smartphones series that would likely replace the very popular Galaxy A50. It offers a unique modern design as,https://www.bajajfinservmarkets.in/discover/journals/blogs/emi-store/samsung-galaxy-a51
52,56,"South Korean smartphone maker Samsung has introduced the latest budget smartphone, the Samsung Galaxy M01, in India. The new Galaxy M01 smartphone falls in the company's affordable M series",https://www.bajajfinservmarkets.in/discover/journals/blogs/emi-store/samsung-galaxy-m01
53,54,"South Korean tech giant, Samsung have recently released its Galaxy M series with the launch of Galaxy M11. This budget smartphone offers an amazing set of technology and features for",https://www.bajajfinservmarkets.in/discover/journals/blogs/emi-store/samsung-galaxy-m11
54,52,"South Korean multinational conglomerate, Samsung leaves no stone unturned to amaze us with its budget-friendly smartphone series. And it has introduced yet another mid-range smartphone, the Samsung Galaxy",https://www.bajajfinservmarkets.in/discover/journals/blogs/emi-store/samsung-galaxy-m21
55,53,South Korean conglomerate Samsung has successfully managed to grab everyone's attention with its latest smartphone offering - Galaxy M30s. The Galaxy M30s features unbelievable technology in this price segment and,https://www.bajajfinservmarkets.in/discover/journals/blogs/emi-store/samsung-galaxy-m30s
56,55,Samsung is one of the most trusted and highly sought-after smartphone brands among users. It’s well known for its cutting-edge technology and unbeatable features that stop at,https://www.bajajfinservmarkets.in/discover/journals/blogs/emi-store/samsung-galaxy-m31
57,58,"What aspects do you consider before upgrading or buying a new smartphone? People usually seek a modern look and feel, smart camera to click great pictures, long-lasting battery life",https://www.bajajfinservmarkets.in/discover/journals/blogs/emi-store/vivo-v19
58,59,"Smartphone maker Vivo has launched a new budget smartphone, the Vivo Y50, in India. The new Vivo Y50 falls in the company's affordable “Y” series and will be available",https://www.bajajfinservmarkets.in/discover/journals/blogs/emi-store/vivo-y50
59,23,"The era of Work From Home (WFH) has resulted in spending hours and hours in front of laptops and phones. This, without a doubt has consequences if you don’t",https://www.bajajfinservmarkets.in/discover/journals/blogs/insurance/7-home-remedies-for-headache
60,25,"What Is a Crossover Car?
Cars are no longer a luxury product for people in India. They are now the best mode of transport for those living in all parts",https://www.bajajfinservmarkets.in/discover/journals/blogs/insurance/best-crossover-cars-in-india
61,26,"The importance of having a comprehensive health insurance plan is beyond explanation. In fact, most organisations in India enlist their employees under the corporate health insurance plan as a part",https://www.bajajfinservmarkets.in/discover/journals/blogs/insurance/corporate-health-insurance-vs-individual
62,27,"Most of us enjoy a sumptuous meal. And when it comes to having spicy food, many of us tend  to enjoy it a bit more, resulting in a heavy meal",https://www.bajajfinservmarkets.in/discover/journals/blogs/insurance/home-remedies-for-acidity
63,28,"Being sick with cold can leave you feeling miserable. Most of us have experienced lying in bed with symptoms associated with cold such as fever, chills and body ache. And",https://www.bajajfinservmarkets.in/discover/journals/blogs/insurance/home-remedies-for-cold
64,29,"A dry cough is also referred to as an unproductive cough as, unlike a wet cough, it does not produce any phlegm, mucus, or other irritants from one’s lungs",https://www.bajajfinservmarkets.in/discover/journals/blogs/insurance/home-remedies-for-cough
65,24,It is correctly said that health is wealth. Maintaining your good health is often something that requires you to take an initiative and ensure that you remain in good health,https://www.bajajfinservmarkets.in/discover/journals/blogs/insurance/types-of-personal-hygiene
66,69,India’s economic growth story has had a few setbacks over the last couple of years. From the stressed balance sheet of the banking sector to slowing core sector growth,https://www.bajajfinservmarkets.in/discover/journals/blogs/investment/5-big-psu-privatisation-on-the-cards-in-2020
67,64,Traditional financial services companies are very much eager to incorporate best practices from agile and more flexible Fintech startups. Banks and credit unions have started looking at the advantages of,https://www.bajajfinservmarkets.in/discover/journals/blogs/investment/7-fintech-trends-that-transform-the-financial-services-forever
68,68,"India’s economy is well-positioned to take a commanding position in a largely slowing world. Currently, India is set to be the second-fastest growing economy in the world",https://www.bajajfinservmarkets.in/discover/journals/blogs/investment/can-india-benefit-from-disruptions-in-global-supply-chains
69,67,India’s telecom sector has been facing a bloodbath ever since Reliance Jio arrived on the shore with its dirt-cheap pricing for both data and voice. The aggressive move,https://www.bajajfinservmarkets.in/discover/journals/blogs/investment/can-recent-rate-hikes-help-indias-telecom-sector-recover
70,65,"It started as an off-beat place for users looking to share self-created videos of content ranging from funny to risky stunts. Now, it’s the biggest competitor to",https://www.bajajfinservmarkets.in/discover/journals/blogs/investment/can-tik-tok-break-the-facebook-google-duopoly-on-digital-ad-dollars
71,63,"“Mutual fund investments are subject to market risks, read all scheme related documents carefully”

You would have heard this sentence probably 1000 times before and yes, you have heard it",https://www.bajajfinservmarkets.in/discover/journals/blogs/investment/what-is-the-risk-of-investing-in-mutual-funds
72,66,Indian companies got an early Diwali present when FM Nirmala Sitharaman cut the corporate tax rate from 30% to a statutory rate of just over 22%. This measure was welcomed,https://www.bajajfinservmarkets.in/discover/journals/blogs/investment/will-the-government-overhaul-the-direct-tax-code
73,16,"When you require financial help, the first step is to decide how to do it. You might consider applying for a loan. With a personal loan, you are not required",https://www.bajajfinservmarkets.in/discover/journals/blogs/loans/do-more-with-finserv-markets-app
74,18,"A common question asked is whether having a low CIBIL score makes it impossible, or extremely difficult, for you to avail a personal loan. The answer is not as straightforward",https://www.bajajfinservmarkets.in/discover/journals/blogs/loans/does-a-low-cibil-score-prevent-you-from-getting-a-personal-loan
75,13,Reserve Bank of India (RBI) proposed a one-time loan restructuring on loans to ease the stress on borrowers who are facing financial difficulties. RBI allowed a one-time restructuring,https://www.bajajfinservmarkets.in/discover/journals/blogs/loans/how-loan-restructuring-impacts-cibil-score-and-eligibility
76,12,"Introduction
In India, over the past few years, there has been a paradigm shift in consumer behaviour, with regards to financial transactions and the rise of fintech companies that have",https://www.bajajfinservmarkets.in/discover/journals/blogs/loans/hybrid-model-of-lending-is-this-the-future
77,14,The Reserve Bank of India (RBI) has proposed a one-time restructuring of loans for borrowers struggling with repayments due to lack of liquidity. The plan is to restructure these,https://www.bajajfinservmarkets.in/discover/journals/blogs/loans/loan-restructuring-guidelines-by-rbi
78,15,What is a business loan ? Business loan is a type of unsecured loan in which no mortgage is needed. Business loans are availed by entrepreneurs and industrialists to cover various,https://www.bajajfinservmarkets.in/discover/journals/blogs/loans/need-urgent-finance-for-small-business-choose-bajaj-finserv-business-loan
79,19,"Banks and credit providers each have their own set of parameters when deciding to lend an amount to an applicant. However, the RBI has mandated that banks must consider CIBIL",https://www.bajajfinservmarkets.in/discover/journals/blogs/loans/simple-tips-to-improve-your-cibil-score
80,17,Bank Statement is one of the first documents that lenders ask for when taking decisions on loan applications. It is the single most important document that can decide if one,https://www.bajajfinservmarkets.in/discover/journals/blogs/loans/what-lenders-look-for-in-your-bank-statement
81,79,"In April 2016, the National Payments Corporation of India (NPCI)—a Reserve Bank of India regulated organisation—launched the United Payment Interface (UPI) payment system in India. UPI is a",https://www.bajajfinservmarkets.in/discover/journals/blogs/payments/from-net-banking-to-upi
82,76,"This Valentine, let UPI help you on-the go! The Unified Payments Interface (UPI) ever since its launch in 2016, has garnered much popularity. Over time, UPI transactions have seen",https://www.bajajfinservmarkets.in/discover/journals/blogs/payments/how-safe-are-upi-payments
83,72,It looks very convenient from User interface or front end to pay via UPI ID or Mobile number without sharing any account details with your friend or Payer but there,https://www.bajajfinservmarkets.in/discover/journals/blogs/payments/how-safe-upi-payments-are
84,78,India has become the country with most advanced system of payments in the world. This giant leap has been powered by UPI (Universal Payment Interface) and IMPS (Immediate Payment System,https://www.bajajfinservmarkets.in/discover/journals/blogs/payments/how-to-protect-yourself-from-upi-fraud
85,71,Our lives have changed drastically in the last few years especially with the advancement of Mobile phones. People have gradually moved away from carry money in their wallets to credit,https://www.bajajfinservmarkets.in/discover/journals/blogs/payments/how-to-use-upi
86,70,"Pandemic & the “New Normal” has brought many changes to our lives, whether it be social distancing, wearing masks, sanitizing every few minutes or simply the way we interact with",https://www.bajajfinservmarkets.in/discover/journals/blogs/payments/how-upi-is-better-than-other-digital-payment-modes
87,73,"Using Finserv MARKETS UPI app users can make SAFE digital payments. While keeping oneself safe from the coronavirus, one must be mindful of cybercriminals. These criminals are especially targeting users",https://www.bajajfinservmarkets.in/discover/journals/blogs/payments/make-safe-digital-payments-with-finserv-markets-upi-app
88,74,The advent of digitization has led to a significant rise in the number of mobile payment apps in India. These mobile payment apps have helped our country take a step,https://www.bajajfinservmarkets.in/discover/journals/blogs/payments/mobile-payment-apps-driving-fintech-frenzy-in-india
89,75,For those living under a rock for the past few years let me start off by saying that this is an attempt at explaining the new wave of Unified Payments,https://www.bajajfinservmarkets.in/discover/journals/blogs/payments/upi-2-0-an-overview
90,77,United Payments Interface (UPI) is an instant payment system which allows immediate transfer of funds from one bank account to another through a mobile phone platform. It is a single,https://www.bajajfinservmarkets.in/discover/journals/blogs/payments/what-is-upi-after-all
91,82,"In the hustle and bustle of daily life, having to manage our financial transactions can seem extremely complicated and time-consuming. But what if we told you there is a",https://www.bajajfinservmarkets.in/discover/journals/blogs/service/heres-how-you-can-access-all-your-financial-needs-in-one-go
92,83,A personal loan is typically required to be repaid as equated monthly instalments or EMIs. While most banks and lenders require that you pay a portion of the principal in,https://www.bajajfinservmarkets.in/discover/journals/blogs/service/heres-why-you-should-not-skip-your-emi-payments
93,84,"Personal loans can be useful in a variety of ways. With good credit, you can obtain a personal loan for any purpose, right from paying medical bills or consolidating debt",https://www.bajajfinservmarkets.in/discover/journals/blogs/service/hybrid-flexi-loan-a-flexible-and-convenient-solution-for-the-new-age-borrower
94,81,"Are you a chrysophilist? If so, have you ever imagined the idea of buying gold by claiming your rewards accumulated on your purchases? If you thought this is too good",https://www.bajajfinservmarkets.in/discover/journals/blogs/service/rewards-program-on-finserv-markets-app
95,97,"With the number of road accidents in India on a rise, it is wise to be prepared with a two wheeler insurance. A bike insurance covers the costs in case",https://www.bajajfinservmarkets.in/discover/journals/infographics/insurance/factors-to-consider-while-buying-two-wheeler-insurance
96,95,Vacations need a lot of research and meticulous planning. And one of the most important tasks is to ensure your well-being even when things go a little off-track,https://www.bajajfinservmarkets.in/discover/journals/infographics/insurance/get-travel-insurance-quote-on-finserv-markets-app
97,96,Buying insurance but confused about which policy to choose? Ensure you make an informed decision while choosing an ideal health insurance plan. It is important to know how to compare,https://www.bajajfinservmarkets.in/discover/journals/infographics/insurance/how-to-compare-health-insurance-plans
98,104,"Two-wheelers are extremely popular across India, offering freedom and independence to hundreds of thousands of citizens nation-wide. Unfortunately, this freedom comes at a cost, with road accidents involving",https://www.bajajfinservmarkets.in/discover/journals/infographics/insurance/roadside-safety-tips
99,99,"ULIPs are considered to be one of the most reliable long-term wealth creation solutions. They stand out amongst other investment options as they provide the benefit of returns, protection",https://www.bajajfinservmarkets.in/discover/journals/infographics/insurance/tax-benefits-of-investing-in-ulips
100,98,ULIP or Unit Linked Insurance Plan is a long-term investment plan with dual benefits of a life cover and investment. Part of the premiums paid by the policyholder is,https://www.bajajfinservmarkets.in/discover/journals/infographics/insurance/tips-to-choose-a-ulip-plan
101,101,"What is a ULIP?
A mix of investment and insurance, a Unit Linked Insurance Plan or ULIP offers policyholders a flexible way to create wealth with the additional security of",https://www.bajajfinservmarkets.in/discover/journals/infographics/insurance/ulip-buying-tips
102,100,"There is no doubt that two-wheeler riders are more vulnerable to road accidents, and the costs of an accident can be extremely high. What's more, fines for not",https://www.bajajfinservmarkets.in/discover/journals/infographics/insurance/why-do-you-need-bike-insurance
103,102,A family health insurance plan covers your family during medical emergencies and reduces the financial impact of medical costs. Health insurance is extremely important when you consider how expensive medical,https://www.bajajfinservmarkets.in/discover/journals/infographics/insurance/why-health-insurance-is-necessary
104,103,"From planning the trip to visiting your dream destination to bringing souvenirs for your loved ones, travelling can be life's most rewarding experiences. However, there are certain unforeseen circumstances",https://www.bajajfinservmarkets.in/discover/journals/infographics/insurance/why-travel-insurance-is-a-must
105,92,The Pradhan Mantri Mudra Yojna (PMMY) is a scheme launched by the Prime Minister in 2015 to fund income-generating activities of micro and small businesses in the non-farming,https://www.bajajfinservmarkets.in/discover/journals/infographics/loans/all-you-need-to-know-about-the-mudra-loan
106,90,"Goods & Services Tax (GST) combines all the indirect taxes into a comprehensive single tax, both at the Central and State level. And hence, GST plays an important role in",https://www.bajajfinservmarkets.in/discover/journals/infographics/loans/components-of-gst-infographic
107,94,If you are going to buy a house on a Home Loan then here are some facts about how you can do it while saving a decent amount of tax,https://www.bajajfinservmarkets.in/discover/journals/infographics/loans/how-home-loan-can-save-tax
108,91,"Steps to Apply for Personal Loan on Finserv MARKETS App
Applying for a Personal Loan from the Finserv MARKETS App is super easy. Here are the 4 quick steps to",https://www.bajajfinservmarkets.in/discover/journals/infographics/loans/how-to-apply-for-a-personal-loan-from-finserv-markets-app
109,86,,https://www.bajajfinservmarkets.in/discover/journals/infographics/loans/how-to-apply-for-bajaj-finance-personal-loan-at-finserv-markets
110,85,,https://www.bajajfinservmarkets.in/discover/journals/infographics/loans/how-to-avail-a-home-loan-at-finserv-markets
111,89,"New entrepreneurs can often find themselves in a confused state when decoding the Indian taxation system and figuring out how to minimize their tax payments when filing returns.
Here are",https://www.bajajfinservmarkets.in/discover/journals/infographics/loans/income-tax-saving-tips-for-small-business
112,87,"What is a Professional Loan?
A professional loan serves as a financial help provided to the individuals of different professions like doctors, chartered accountants to meet their financial requirements. The",https://www.bajajfinservmarkets.in/discover/journals/infographics/loans/types-of-professional-loan
113,88,One of the most notable facts about small business loans is that there are so many different kinds of them. This allows you to be sharp in your loan selection,https://www.bajajfinservmarkets.in/discover/journals/infographics/loans/types-of-small-business-loans
114,93,A credit score is a very significant number that affects your financial life. This three-digit number decides if you can get a credit card or a loan of the,https://www.bajajfinservmarkets.in/discover/journals/infographics/loans/what-affects-your-credit-score
115,172,,https://www.bajajfinservmarkets.in/discover/videos/featured-videos/emi-store/ac
116,167,,https://www.bajajfinservmarkets.in/discover/videos/featured-videos/emi-store/emi-store
117,168,,https://www.bajajfinservmarkets.in/discover/videos/featured-videos/emi-store/home-appliances
118,173,,https://www.bajajfinservmarkets.in/discover/videos/featured-videos/emi-store/laptop
119,174,,https://www.bajajfinservmarkets.in/discover/videos/featured-videos/emi-store/mobile-phone
120,171,,https://www.bajajfinservmarkets.in/discover/videos/featured-videos/emi-store/refrigerator
121,170,,https://www.bajajfinservmarkets.in/discover/videos/featured-videos/emi-store/tv
122,169,,https://www.bajajfinservmarkets.in/discover/videos/featured-videos/emi-store/washing-machine
123,161,,https://www.bajajfinservmarkets.in/discover/videos/featured-videos/insurance/cyber-insurance
124,159,,https://www.bajajfinservmarkets.in/discover/videos/featured-videos/insurance/four-wheeler-insurance
125,162,,https://www.bajajfinservmarkets.in/discover/videos/featured-videos/insurance/travel-insurance
126,160,,https://www.bajajfinservmarkets.in/discover/videos/featured-videos/insurance/two-wheeler-insurance
127,180,,https://www.bajajfinservmarkets.in/discover/videos/featured-videos/investment/child-plan
128,177,,https://www.bajajfinservmarkets.in/discover/videos/featured-videos/investment/digital-gold
129,176,,https://www.bajajfinservmarkets.in/discover/videos/featured-videos/investment/fixed-deposit
130,175,,https://www.bajajfinservmarkets.in/discover/videos/featured-videos/investment/investment-plan
131,178,,https://www.bajajfinservmarkets.in/discover/videos/featured-videos/investment/national-pension-scheme
132,179,,https://www.bajajfinservmarkets.in/discover/videos/featured-videos/investment/retirement-plan
133,151,Want to save on your existing home loan? You can pay off your existing home loan at attractive interest rates by applying for our Bajaj Finserv Home Loan Balance Transfer,https://www.bajajfinservmarkets.in/discover/videos/featured-videos/loans/home-loan-balance-transfer
134,152,"Planning to buy the house of your dreams? Apply for Bajaj Finserv home loan and enjoy a wide range of benefits like flexible repayments, no part-payment or foreclosure charges",https://www.bajajfinservmarkets.in/discover/videos/featured-videos/loans/home-loan-fresh
135,149,"In need of financial funding to take care of a business expansion or a wedding expenditure, or fulfilling your child’s dream of studying abroad? Get a Loan Against Property",https://www.bajajfinservmarkets.in/discover/videos/featured-videos/loans/loan-against-property
136,150,Have a loan against property that you wish to transfer? The best way to save a lot of money from paying back a loan against property is to opt for,https://www.bajajfinservmarkets.in/discover/videos/featured-videos/loans/loan-against-property-balance-transfer
137,153,"Whether it’s starting your own practice, buying new equipment, expanding your services or inducing technology in your services, Professional Loan for Doctors and Chartered Accountants will cater to all",https://www.bajajfinservmarkets.in/discover/videos/featured-videos/loans/professional-loan
138,148,,https://www.bajajfinservmarkets.in/discover/videos/featured-videos/loans/used-car-finance
139,165,,https://www.bajajfinservmarkets.in/discover/videos/featured-videos/payments/credit-card
140,163,,https://www.bajajfinservmarkets.in/discover/videos/featured-videos/payments/emi-card
141,166,,https://www.bajajfinservmarkets.in/discover/videos/featured-videos/payments/future-group-emi-card
142,164,,https://www.bajajfinservmarkets.in/discover/videos/featured-videos/payments/wallet
143,186,Foreclose your loan at your convenience. Finserv MARKETS customer portal lets you to foreclose your loan whenever you feel like. You can easily apply for a new loan at Finserv,https://www.bajajfinservmarkets.in/discover/videos/featured-videos/service/finserv-markets-customer-portal-guide-loan-foreclosure
144,185,Missed your last EMI? Worry not! Finserv MARKETS lets you catch up to your Missed EMI payments in a few simple steps. Whether it’s withdrawing money from your current,https://www.bajajfinservmarkets.in/discover/videos/featured-videos/service/finserv-markets-customer-portal-guide-managing-missed-emi-payments
145,187,Now withdraw money from your loan whenever you need. Finserv MARKETS customer portal lets you withdraw from your loan account in a few simple steps. Whether it’s withdrawing money,https://www.bajajfinservmarkets.in/discover/videos/featured-videos/service/finserv-markets-customer-portal-guide-money-withdrawal-flexi-hybrid-loan
146,189,Finserv MARKETS Customer Portal helps you easily manage your loan account. Part paying your Flexi loan is now much simpler. All you have to do is log into the Customer,https://www.bajajfinservmarkets.in/discover/videos/featured-videos/service/finserv-markets-customer-portal-guide-part-payment-flexi-hybrid-loan
147,188,Finserv MARKETS Customer Portal helps you easily manage your loan account. Part paying your Term loan is now much simpler. All you have to do is log into the Customer,https://www.bajajfinservmarkets.in/discover/videos/featured-videos/service/finserv-markets-customer-portal-guide-part-payment-term-loan
148,191,"Bajaj Finserv Ltd., India’s leading financial services conglomerate, recently announced the launch of its fully owned subsidiary Bajaj Finserv Health Ltd, (BFHL), a health-tech solutions business, aimed at",https://www.bajajfinservmarkets.in/discover/videos/news-flash/insurance/aarogya-care-your-one-stop-destination-for-all-your-healthcare-needs-by-bajaj-finserv-health-ltd
149,190,It’s a great day for us at Finserv MARKETS. We have won the coveted “The Economic Times Innovation Awards 2020” for Business Model Innovation! Big thanks to The Economic,https://www.bajajfinservmarkets.in/discover/videos/news-flash/news-flash/the-economic-times-innovation-awards-2020
150,196,Secure your property with home insurance. Calculate the policy premium through simple steps of this tool.,https://www.bajajfinservmarkets.in/gi/insurance/home-insurance/premium-calculator/#/propertySelection.html
151,136,Goods and Services Tax (GST) has been successful in simplifying the indirect taxation structure of India. Know more about GST here.,https://www.bajajfinservmarkets.in/gst.html
152,192,Know the cost of your car insurance policy to make an informed decision.,https://www.bajajfinservmarkets.in/insurance/car-insurance/car-insurance-premium-calculator/vehicleRegistration.html
153,210,Determine how your money can amplify using the power of compound interest.,https://www.bajajfinservmarkets.in/insurance/compound-interest-calculator.html
154,212,Use our BMI calculator to determine your weight category and plan your health routine accordingly.,https://www.bajajfinservmarkets.in/insurance/health-insurance/bmi-calculator.html
155,213,Determine how many calories you should be eating per day to either maintain or lose your weight.,https://www.bajajfinservmarkets.in/insurance/health-insurance/calorie-calculator.html
156,194,Understand how much your health insurance will cost so that you can secure your and your family’s medical needs.,https://www.bajajfinservmarkets.in/insurance/health-insurance/health-insurance-premium-calculator/getGoingNow.html
157,200,Know how much life insurance coverage you need based on your lifestyle habits and more.,https://www.bajajfinservmarkets.in/insurance/human-life-value-calculator-hlv.html
158,199,Calculate the Insured Declared Value (IDV) of your vehicle before buying a motor insurance plan.,https://www.bajajfinservmarkets.in/insurance/motor-insurance/idv-calculator.html
159,195,Travel in mind? Don’t forget your travel insurance policy. Know the policy cost in a few clicks.,https://www.bajajfinservmarkets.in/insurance/travel-insurance/individual-travel-insurance.html
160,193,Calculate your two-wheeler insurance premium in just a few clicks.,https://www.bajajfinservmarkets.in/insurance/two-wheeler-insurance/bike-insurance-premium-calculator/vehicleRegistration.html
161,198,Calculate the risk involved in your chosen ULIP before investing in the policy.,https://www.bajajfinservmarkets.in/insurance/ulip/ulip-risk-calculator.html
162,197,"Term insurance is an affordable life insurance plan. So, how much do you pay? Use the term insurance premium calculator to know the policy cost.",https://www.bajajfinservmarkets.in/li/term-insurance-calculator/#/GetQuoteDetails.html
163,203,"Do you need funds to sustain or expand your business? With our Business Loan calculator, determine your monthly repayments to make an informed decision.",https://www.bajajfinservmarkets.in/loans/business-loan/business-loan-emi-calculator.html
164,206,We offer Business Loans for Doctors specifically. You can use this calculator to determine your EMIs and plan accordingly.,https://www.bajajfinservmarkets.in/loans/business-loan/business-loan-for-doctors/business-loan-emi-calculator-for-doctors.html
165,135,"The Electronic Way (E-way) bill is a document introduced under the GST regime. This bill is generated before transporting or shipping goods worth more than INR 50,000 within state or interstate. Read on to know more.",https://www.bajajfinservmarkets.in/loans/business-loan/e-way-bill.html
166,202,Planning to buy a new house? Calculate your EMIs with ease using our Home Loan calculator.,https://www.bajajfinservmarkets.in/loans/home-loan/home-loan-emi-calculator.html
167,205,"Are you looking to transfer your existing home loan to another lender? In that case, calculate your EMIs, that you will need to pay in the future, using the LAPBT calculator.",https://www.bajajfinservmarkets.in/loans/loan-against-property-balance-transfer/loan-against-property-balance-transfer-emi-calculator.html
168,204,Quickly fix your personal financial shortfall with MARKETS iCash. Know how much you’d need to repay using this calculator and plan your finances accordingly.,https://www.bajajfinservmarkets.in/loans/markets-icash/emi-calculator.html
169,201,Use our Personal Loan EMI Calculator to calculate your monthly EMI and get a step closer to managing your finances  well.,https://www.bajajfinservmarkets.in/loans/personal-loan/personal-loan-emi-calculator.html
170,133,"From a bolstering the infrastructure and healthcare sector to laying a foundation for ""Atmanirbhar Bharat”, Government underlines their commitment towards functional reforms with Budget 2021. Read on to find out what you can bet on!",https://www.bajajfinservmarkets.in/markets-insights/budget.html
171,134,"From income tax slabs, tax reforms, ITR filing to tax calculations, Tax Center keeps you updated with what you need to know as a tax payer. Get access to income tax tools and articles, all at one place!",https://www.bajajfinservmarkets.in/markets-insights/income-tax.html
172,207,Making your tax calculations easy. Use this tool to determine the approx. amount that you are liable to pay as tax.,https://www.bajajfinservmarkets.in/markets-insights/income-tax/income-tax-calculator.html
173,209,Use our PPF calculator to perform even the most complex PPF-related calculations with ease.,https://www.bajajfinservmarkets.in/ppf-calculator.html
