,index,Tags,Questions,Answers,Address,Views,Date_published
0,211,calculator,Fixed Deposit Calculator,Know exactly how much you can earn from your FD investments using this calculator.,https://www.bajajfinservmarkets.in/Investment/fixed-deposit/fd-calculator.html,-,-
1,208,calculator,Sukanya Samriddhi Calculator,Calculate the returns based on the investment made in Sukanya Samriddhi Yojana Scheme.,https://www.bajajfinservmarkets.in/Investment/sukanya-samriddhi-yojana-calculator.html,-,-
2,130,emi,"Buy Now, Pay Later: The EMI Route to Ownership","‘If you think nobody cares if you’re alive, try missing a couple of car payments.’

This Earl Wilson quote from yesteryear makes us chuckle, but is so relevant in",https://www.bajajfinservmarkets.in/discover/expert-speak/emi-store/buy-now-pay-later-the-emi-route-to-ownership,839 views,"Jul 11,2019"
3,125,emi,Credit Cards 101: A Handy Guide,"If you are not very fond of carrying cash every time you go out shopping, don’t worry, the credit card has your back. Credit card is a payment card",https://www.bajajfinservmarkets.in/discover/expert-speak/emi-store/credit-cards-101-a-handy-guide,689 views,"Jan 16,2020"
4,131,emi,Digital Financing: Need of The Hour,"Ever since the demonetization announcement in November 2016, India has seen a revolution in the fintech industry. The temporary cash crunch brought with it a boom in the digital transactions",https://www.bajajfinservmarkets.in/discover/expert-speak/emi-store/digital-financing-need-of-the-hour,773 views,"Jul 11,2019"
5,127,emi,How Prepaid Payment Instruments can Change The Face of India’s Payment Industry,"Wouldn’t it be extremely convenient if you do not have to wait to get credit at the retail store, or if you could get EMI without a credit card",https://www.bajajfinservmarkets.in/discover/expert-speak/emi-store/how-prepaid-payment-instruments-can-change-the-face-of-indias-payment-industry,608 views,"Jan 4,2020"
6,128,emi,India is Embracing New Payment Methods. Are You?,The exponential growth of the digital payment sector is driven by multiple factors including convenience to pay along with the ever-growing smartphone penetration. This has contributed significantly to the,https://www.bajajfinservmarkets.in/discover/expert-speak/emi-store/india-is-embracing-new-payment-methods-are-you,340 views,"Jan 4,2020"
7,129,emi,India’s Digital Payment Journey is Headed in An Exciting New Direction,"Being largely a cash-obsessed economy, India’s nascent digital payment story is exciting. Increased penetration of mobile internet backed by progressive regulatory policies has transformed the Indian payment industry",https://www.bajajfinservmarkets.in/discover/expert-speak/emi-store/indias-digital-payment-journey-is-headed-in-an-exciting-new-direction,408 views,"Jan 4,2020"
8,126,emi,The Pillar of Digital India - Mobile Manufacturing,"Over the past few years, mobile handset manufacturing has rapidly gathered pace in India. The country could emerge as a major exporter in the future. Local electronics manufacturing has been",https://www.bajajfinservmarkets.in/discover/expert-speak/emi-store/the-pillar-of-digital-india-mobile-manufacturing,439 views,"Jan 4,2020"
9,121,insurance,A 7-Point Checklist for Renewing Your Car Insurance,"In the event that a customer is unhappy with their current car insurer, he or she can always opt for any other insurer while renewing their car insurance. One can",https://www.bajajfinservmarkets.in/discover/expert-speak/insurance/a-7-point-checklist-for-renewing-your-car-insurance,398 views,"Jan 6,2020"
10,116,insurance,A Cheat Sheet on Insurance and Its Types,"An individual is prone to many risks like death, financial loss due to disability, accidental damage to assets resulting in the loss of production, etc. Such things may result in",https://www.bajajfinservmarkets.in/discover/expert-speak/insurance/a-cheat-sheet-on-insurance-and-its-types,600 views,"Jan 16,2020"
11,118,insurance,A Crash Course on The Indian Insurance Industry,"The insurance industry in India is at the crossroads of development. For any country and its economic development, having a well-developed insurance sector that is constantly evolving is a",https://www.bajajfinservmarkets.in/discover/expert-speak/insurance/a-crash-course-on-the-indian-insurance-industry,529 views,"Jan 16,2020"
12,120,insurance,Do Multiple Health Insurance Claims Confuse You? Look No Further For Clarity!,"Administering multiple health insurance policies can be confusing, especially the claims process. So, in case you have multiple health insurance policies but are clueless about the claim settlement process, the",https://www.bajajfinservmarkets.in/discover/expert-speak/insurance/do-multiple-health-insurance-claims-confuse-you-look-no-further-for-clarity,423 views,"Jan 6,2020"
13,117,insurance,Here are Some Invaluable Hacks to Reduce Your Term Insurance Premium,"Term insurance plans are fast becoming a necessity in today’s fast-paced, modern life. To maintain their financial portfolio, people have increasingly been seeking such plans. They provide a",https://www.bajajfinservmarkets.in/discover/expert-speak/insurance/here-are-some-invaluable-hacks-to-reduce-your-term-insurance-premium,450 views,"Jan 16,2020"
14,124,insurance,"High Value Health Insurance, Demystified","In a world full of uncertainties, one has to plan for unexpected events like medical emergencies and hospitalizations. Thankfully, people today have become more aware of the health insurance and",https://www.bajajfinservmarkets.in/discover/expert-speak/insurance/high-value-health-insurance-demystified,340 views,"Jan 4,2020"
15,115,insurance,Life Insurance in Times of Pandemic,"Importance of Financial Security

At the beginning of this year, nobody could have imagined that a pandemic would affect lives across the globe and cause several deaths. This has not",https://www.bajajfinservmarkets.in/discover/expert-speak/insurance/life-insurance-in-times-of-pandemic,752 views,"May 30,2020"
16,122,insurance,Looking for Handy Tips to Save Money on Your Vehicle Purchase? Look No Further!,"Investing in a big, new purchase always promises to be an experience of a lifetime, and is a decision that needs to be made with caution. There are a million",https://www.bajajfinservmarkets.in/discover/expert-speak/insurance/looking-for-handy-tips-to-save-money-on-your-vehicle-purchase-look-no-further,307 views,"Jan 6,2020"
17,123,insurance,The Insurance Terminology Starter Kit,"Let’s start you off with some of the most commonly heard terminologies starting with ‘A’ related to insurance.

 	
Accident


Any event which is unexpected in nature. This can be",https://www.bajajfinservmarkets.in/discover/expert-speak/insurance/the-insurance-terminology-starter-kit,324 views,"Jan 6,2020"
18,119,insurance,Want to Change Your Health Insurer But Scared of Losing Benefits? Relax and Read Along,"There are hundreds of health insurance plans in the market. Each plan has a different set of coverage features and is, therefore, priced differently. Moreover, health insurance companies also compete",https://www.bajajfinservmarkets.in/discover/expert-speak/insurance/want-to-change-your-health-insurer-but-scared-of-losing-benefits-relax-and-read-along,392 views,"Jan 6,2020"
19,105,loan,Afraid of Loan Rejection? Here’s How You can Avoid It,"There may be times in our life when we immediately require more money than what we have as savings. In such situations, NBFCs can help a person quickly and easily",https://www.bajajfinservmarkets.in/discover/expert-speak/loans/afraid-of-loan-rejection-heres-how-you-can-avoid-it,480 views,"Jan 16,2020"
20,110,loan,Applying for A Loan? Here’s Everything You Need to Know,"Loans come in all sorts of different types and forms, which is why there is a variety of factors you should consider before you apply for a loan. Determining the",https://www.bajajfinservmarkets.in/discover/expert-speak/loans/applying-for-a-loan-heres-everything-you-need-to-know,364 views,"Jan 4,2020"
21,112,loan,How do NBFCs Help in The Smooth Functioning of The Economy?,"Catering to the diverse financial needs of the country, Non-banking financial companies play an important role in promoting inclusive growth. NBFCs like Bajaj Finserv Limited often take the lead",https://www.bajajfinservmarkets.in/discover/expert-speak/loans/how-do-nbfcs-help-in-the-smooth-functioning-of-the-economy,323 views,"Jan 4,2020"
22,113,loan,The A-Zs of Availing a Loan,Looking to buy a new car or go on a family trip to your dream destination? Are you faced with a medical emergency that requires immediate funds? Or how about,https://www.bajajfinservmarkets.in/discover/expert-speak/loans/the-a-zs-of-availing-a-loan,623 views,"Oct 18,2019"
23,111,loan,The Revolution Powered by The Interoperability of Prepaid Payment Instruments,The Reserve Bank of India (RBI) guidelines on interoperability of prepaid payment instruments (PPIs) was a much-awaited step under the revised PPI road map announced in December 2017. After,https://www.bajajfinservmarkets.in/discover/expert-speak/loans/the-revolution-powered-by-the-interoperability-of-prepaid-payment-instruments,337 views,"Jan 4,2020"
24,109,loan,The Secret to Lower Taxes and Lighter Home Loan Burden: Joint Home Loans,"Provided you meet certain conditions, joint home loans can be a good tax-saving method. You need to be joint owners of the home to avail the lucrative tax benefits",https://www.bajajfinservmarkets.in/discover/expert-speak/loans/the-secret-to-lower-taxes-and-lighter-home-loan-burden-joint-home-loans,358 views,"Jan 6,2020"
25,107,loan,The Ultimate Guide to Taking Out A Home Loan,"Your property is an asset that can truly help you reap numerous financial benefits. Be it a property for the purpose of living in or for an investment, the banking",https://www.bajajfinservmarkets.in/discover/expert-speak/loans/the-ultimate-guide-to-taking-out-a-home-loan,480 views,"Jan 16,2020"
26,114,loan,To be or Not to be: A Data Scientist?,"You might have come across the novel profession of a data scientist in your professional/student life. In a world where data is the new oil and currency, it is",https://www.bajajfinservmarkets.in/discover/expert-speak/loans/to-be-or-not-to-be-a-data-scientist,787 views,"Jul 11,2019"
27,108,loan,Understanding the Five Cs of Credit,Financial institutions attempt to mitigate the risk of lending to borrowers by performing credit analysis on individuals and businesses applying for a new credit account or loan. This process is,https://www.bajajfinservmarkets.in/discover/expert-speak/loans/understanding-the-five-cs-of-credit,460 views,"Jan 6,2020"
28,106,loan,What NBFCs are Getting Right About India’s Digital Future,"NBFCs are quickly adopting best-in-class technology to bring about disruption and foster future growth. The Indian lending industry, significantly the non-banking financial companies (NBFCs), are increasingly relying",https://www.bajajfinservmarkets.in/discover/expert-speak/loans/what-nbfcs-are-getting-right-about-indias-digital-future,650 views,"Jan 16,2020"
29,132,technology,7 Key Pillars of the Finserv MARKETS platform,"Finserv MARKETS is an award-winning digital financial services marketplace. We offer over 27 financial products to over a million customers. The products range across Loans, Insurance, Investment, and Payments",https://www.bajajfinservmarkets.in/discover/expert-speak/technology/7-key-pillars-of-the-finserv-markets-platform,321 views,"Feb 1,2021"
30,35,credit,5 Credit Card Features That Exclusively Benefit a Traveller Like You,"As much as one can love travelling, it is widely known that travelling light can drastically improve the experience. The mantra extends to the currency you carry - which is to",https://www.bajajfinservmarkets.in/discover/journals/blogs/credit-card/5-credit-card-features-that-exclusively-benefit-a-traveller-like-you,579 views,"Dec 4,2019"
31,30,credit,How Important Are Credit Card Statements?,"Credit Cards have drastically changed the way we look at our finances. Time and again, they have brought premium products within our buying reach and with this, have taught us",https://www.bajajfinservmarkets.in/discover/journals/blogs/credit-card/how-important-are-credit-card-statements,206 views,"Nov 24,2020"
32,34,credit,How to Choose The right Credit Card?,"A credit card is a critical payment instrument. It helps you to transact without worrying about the balance in your account, helps build a credit history and offers rewards and",https://www.bajajfinservmarkets.in/discover/journals/blogs/credit-card/how-to-choose-the-right-credit-card,347 views,"Dec 4,2019"
33,36,credit,How to Convert Credit Card Purchases into Easy EMIs,"Credit cards are essentially instruments of payment that let you transact on the principle of ‘buy now, pay later’ up to a pre-defined and pre-approved credit limit. As",https://www.bajajfinservmarkets.in/discover/journals/blogs/credit-card/how-to-convert-credit-card-purchases-into-easy-emis,879 views,"Dec 4,2019"
34,32,credit,How to Improve Credit Card Eligibility and What are The Influential Factors?,"The circulation of credit cards in India touched 48.9 million in May 2019, according to data from the Reserve Bank of India, a rise of 27% from 38.6",https://www.bajajfinservmarkets.in/discover/journals/blogs/credit-card/how-to-improve-credit-card-eligibility-and-what-are-the-influential-factors,688 views,"Dec 4,2019"
35,39,credit,"This Diwali, make the most out of your Credit Cards","The festive season is about to start and yet again, it is going to be the most promising time of the year. With this year’s Diwali sale set to",https://www.bajajfinservmarkets.in/discover/journals/blogs/credit-card/using-your-credit-card-during-the-festive-season,402 views,"Oct 31,2019"
36,37,credit,Using Your Credit Card: Hacks and Tips,A credit card is a payment instrument that you can use to make a plethora of payments and transactions with just a swipe. Depending on the variant of credit card,https://www.bajajfinservmarkets.in/discover/journals/blogs/credit-card/using-your-credit-card-hacks-and-tips,734 views,"Nov 21,2019"
37,31,credit,What is A Credit Card?,"Credit cards are one of the many instruments of cashless payments. What sets them apart from other cashless modes of payment is the concept of ‘buying on credit’. Simply, a",https://www.bajajfinservmarkets.in/discover/journals/blogs/credit-card/what-is-a-credit-card,499 views,"Jul 4,2020"
38,33,credit,Which is Better Credit Card Or Debit Card?,"Credit cards and debit cards are both equally handy instruments of payment. Both of them eliminate the need to carry cash everywhere. With cards, all you have to do is",https://www.bajajfinservmarkets.in/discover/journals/blogs/credit-card/which-is-better-credit-card-or-debit-card,411 views,"Dec 4,2019"
39,38,credit,Why Bajaj Finserv Supercard is The best in The Market!,"This takes me back to my first job in an IT company. First job and all, all my relatives and friends back in my home town wanted a party from",https://www.bajajfinservmarkets.in/discover/journals/blogs/credit-card/why-bajaj-finserv-supercard-is-the-best-in-the-market,511 views,"Nov 7,2019"
40,47,emi,7 Things that the Bajaj Finserv EMI Network Card can help you buy easily,The Bajaj Finserv EMI Network Card is a payment system which lets you buy your favourite products on EMI without the hassles of a credit card. Before we get to,https://www.bajajfinservmarkets.in/discover/journals/blogs/emi-card/7-things-that-the-bajaj-finserv-emi-network-card-can-help-you-buy,461 views,"Aug 26,2020"
41,41,emi,Add colors to your Black Friday shopping with the Bajaj Finserv EMI Network Card,"On November 27th the biggest retailers are bringing a Mega Black Friday sale over to you. Black Friday deals are everywhere right now  — Amazon, Flipkart, and Samsung, to name a",https://www.bajajfinservmarkets.in/discover/journals/blogs/emi-card/black-friday-sale-and-offers-with-bajaj-finserv-emi-network-card,406 views,"Nov 24,2020"
42,49,emi,Buy Now and Pay Later in Easy No Cost EMIs during a Cash Crunch!,"Imagine buying an expensive refrigerator for your home or that smartphone you have been eyeing, or tickets for that trip you have been looking forward to for a long time",https://www.bajajfinservmarkets.in/discover/journals/blogs/emi-card/buy-now-and-pay-later-in-easy-no-cost-emis-during-a-cash-crunch,610 views,"Jul 4,2020"
43,45,emi,Maximize Saving and Pay in No Cost EMIs with the Bajaj Finserv EMI Network Card As You Shop on the Flipkart Sale,Online shopping is effortless and convenient; but what makes it truly exciting is the host of special sales that offer the best discounts and offers on your favourite products. One,https://www.bajajfinservmarkets.in/discover/journals/blogs/emi-card/flipkart-sale-with-bajaj-finserv-emi-network-card-for-no-cost-emi-shopping,669 views,"Sep 24,2020"
44,44,emi,"This Halloween, use the Bajaj Finserv EMI Network Card & stay away from getting spooked by shopping bills!","If you have been deeply attracted by all things spooky, Halloween must be your favourite holiday on the calendar. Halloween day marks the Celtic New Year, which was celebrated by",https://www.bajajfinservmarkets.in/discover/journals/blogs/emi-card/halloween-celebrations-in-india-with-bajaj-finserv-emi-network-card,318 views,"Oct 7,2020"
45,48,emi,Hassle-Free Application and Eligibility for Instant Bajaj EMI Network Card Approvals,"Are you holding yourself back from splurging on your birthday or putting off buying an essential home appliance in fear of overshooting your budget? Well, we have all been there",https://www.bajajfinservmarkets.in/discover/journals/blogs/emi-card/hassle-free-application-and-eligibility-for-instant-bajaj-emi-network-card-approvals,893 views,"Jul 4,2020"
46,42,emi,7 Gifts to Buy Online for Your Children to Help them Make the Most of Their Childhood,"Children’s day is one of the few days during the year, apart from their birthday and certain festivals like diwali or christmas, that children get gifts of their choice",https://www.bajajfinservmarkets.in/discover/journals/blogs/emi-card/online-gifts-for-your-children-for-childrens-day,277 views,"Nov 12,2020"
47,43,emi,5 Shopping Lessons for Navratri 2020,The beginning of Navratri marks the beginning of the shopping spree for Indian households as it sets the stage for many festivals to come. The festival is symbolic of the,https://www.bajajfinservmarkets.in/discover/journals/blogs/emi-card/shopping-lessons-for-navratri-2020-with-bajaj-finserv-emi-network-card,634 views,"Oct 7,2020"
48,46,emi,Top products to buy on Amazon using Bajaj Finserv EMI Network Card,Shopping online is an enjoyable and relaxing way of purchasing all your favourite items. You get to browse through catalogues of products by some of the best brands and enjoy,https://www.bajajfinservmarkets.in/discover/journals/blogs/emi-card/top-products-to-buy-on-amazon-with-bajaj-finserv-emi-network-card,779 views,"Aug 26,2020"
49,51,emi_store,Explain each platform in the MARKETS+ bundle in brief,"In today’s age of online streaming, entertainment has found a variety of forms and a range of platforms on which to showcase them. Be it music, movies, TV shows",https://www.bajajfinservmarkets.in/discover/journals/blogs/emi-store/explain-each-platform-in-the-markets-bundle-in-brief,71 views,"Jul 3,2020"
50,50,emi_store,The Grand EMI Festival is Back: Grab Irresistible Discounts and Unbelievable Offers,"India is a land of many festivals. With each celebration comes along some much-needed cheer and happiness. There’s a lot of family time you can enjoy, there’s",https://www.bajajfinservmarkets.in/discover/journals/blogs/emi-store/know-more-about-the-grand-emi-festival-sale-at-bajaj-finserv-estore,1.08 K views,"Oct 19,2020"
51,57,emi_store,"Samsung Galaxy A51 : Price, Features & Specifications",The Galaxy A51 is the latest mid-range addition to the Galaxy smartphones series that would likely replace the very popular Galaxy A50. It offers a unique modern design as,https://www.bajajfinservmarkets.in/discover/journals/blogs/emi-store/samsung-galaxy-a51,433 views,"Jul 2,2020"
52,56,emi_store,"Samsung Galaxy M01 : Price, Features & Specifications","South Korean smartphone maker Samsung has introduced the latest budget smartphone, the Samsung Galaxy M01, in India. The new Galaxy M01 smartphone falls in the company's affordable M series",https://www.bajajfinservmarkets.in/discover/journals/blogs/emi-store/samsung-galaxy-m01,649 views,"Jul 2,2020"
53,54,emi_store,"Samsung Galaxy M11 : Price, Features & Specifications","South Korean tech giant, Samsung have recently released its Galaxy M series with the launch of Galaxy M11. This budget smartphone offers an amazing set of technology and features for",https://www.bajajfinservmarkets.in/discover/journals/blogs/emi-store/samsung-galaxy-m11,1.08 K views,"Jul 2,2020"
54,52,emi_store,"Samsung Galaxy M21 Price, Features and Specifications","South Korean multinational conglomerate, Samsung leaves no stone unturned to amaze us with its budget-friendly smartphone series. And it has introduced yet another mid-range smartphone, the Samsung Galaxy",https://www.bajajfinservmarkets.in/discover/journals/blogs/emi-store/samsung-galaxy-m21,7.02 K views,"Jul 2,2020"
55,53,emi_store,"Samsung Galaxy M30s Price, Features & Specifications",South Korean conglomerate Samsung has successfully managed to grab everyone's attention with its latest smartphone offering - Galaxy M30s. The Galaxy M30s features unbelievable technology in this price segment and,https://www.bajajfinservmarkets.in/discover/journals/blogs/emi-store/samsung-galaxy-m30s,842 views,"Jul 2,2020"
56,55,emi_store,"Samsung Galaxy M31 : Price, Features & Specifications",Samsung is one of the most trusted and highly sought-after smartphone brands among users. It’s well known for its cutting-edge technology and unbeatable features that stop at,https://www.bajajfinservmarkets.in/discover/journals/blogs/emi-store/samsung-galaxy-m31,6.56 K views,"Jul 2,2020"
57,58,emi_store,"Vivo V19 Price, Features & Specifications","What aspects do you consider before upgrading or buying a new smartphone? People usually seek a modern look and feel, smart camera to click great pictures, long-lasting battery life",https://www.bajajfinservmarkets.in/discover/journals/blogs/emi-store/vivo-v19,1.01 K views,"Jul 2,2020"
58,59,emi_store,"Vivo Y50 Price, Features & Specifications","Smartphone maker Vivo has launched a new budget smartphone, the Vivo Y50, in India. The new Vivo Y50 falls in the company's affordable “Y” series and will be available",https://www.bajajfinservmarkets.in/discover/journals/blogs/emi-store/vivo-y50,1.26 K views,"Jul 2,2020"
59,23,insuarance,Home Remedies for Headache,"The era of Work From Home (WFH) has resulted in spending hours and hours in front of laptops and phones. This, without a doubt has consequences if you don’t",https://www.bajajfinservmarkets.in/discover/journals/blogs/insurance/7-home-remedies-for-headache,223 views,"Nov 26,2020"
60,25,insuarance,Best Crossover Cars in India,"What Is a Crossover Car?
Cars are no longer a luxury product for people in India. They are now the best mode of transport for those living in all parts",https://www.bajajfinservmarkets.in/discover/journals/blogs/insurance/best-crossover-cars-in-india,379 views,"Nov 23,2020"
61,26,insuarance,Difference Between Corporate & Individual Health Insurance,"The importance of having a comprehensive health insurance plan is beyond explanation. In fact, most organisations in India enlist their employees under the corporate health insurance plan as a part",https://www.bajajfinservmarkets.in/discover/journals/blogs/insurance/corporate-health-insurance-vs-individual,531 views,"Nov 22,2020"
62,27,insuarance,Home Remedies for Acidity,"Most of us enjoy a sumptuous meal. And when it comes to having spicy food, many of us tend  to enjoy it a bit more, resulting in a heavy meal",https://www.bajajfinservmarkets.in/discover/journals/blogs/insurance/home-remedies-for-acidity,171 views,"Nov 20,2020"
63,28,insuarance,Home Remedies for Cold,"Being sick with cold can leave you feeling miserable. Most of us have experienced lying in bed with symptoms associated with cold such as fever, chills and body ache. And",https://www.bajajfinservmarkets.in/discover/journals/blogs/insurance/home-remedies-for-cold,201 views,"Nov 20,2020"
64,29,insuarance,Cough Remedies,"A dry cough is also referred to as an unproductive cough as, unlike a wet cough, it does not produce any phlegm, mucus, or other irritants from one’s lungs",https://www.bajajfinservmarkets.in/discover/journals/blogs/insurance/home-remedies-for-cough,156 views,"Nov 20,2020"
65,24,insuarance,Types of Personal Hygiene,It is correctly said that health is wealth. Maintaining your good health is often something that requires you to take an initiative and ensure that you remain in good health,https://www.bajajfinservmarkets.in/discover/journals/blogs/insurance/types-of-personal-hygiene,242 views,"Nov 26,2020"
66,69,investment,5 Big PSU Privatisation on The Cards in 2020,India’s economic growth story has had a few setbacks over the last couple of years. From the stressed balance sheet of the banking sector to slowing core sector growth,https://www.bajajfinservmarkets.in/discover/journals/blogs/investment/5-big-psu-privatisation-on-the-cards-in-2020,1.96 K views,"Dec 31,2019"
67,64,investment,7 Fintech Trends that Transform the Financial Services Forever,Traditional financial services companies are very much eager to incorporate best practices from agile and more flexible Fintech startups. Banks and credit unions have started looking at the advantages of,https://www.bajajfinservmarkets.in/discover/journals/blogs/investment/7-fintech-trends-that-transform-the-financial-services-forever,616 views,"Feb 3,2020"
68,68,investment,Can India Benefit from Disruptions in Global Supply Chains?,"India’s economy is well-positioned to take a commanding position in a largely slowing world. Currently, India is set to be the second-fastest growing economy in the world",https://www.bajajfinservmarkets.in/discover/journals/blogs/investment/can-india-benefit-from-disruptions-in-global-supply-chains,445 views,"Dec 31,2019"
69,67,investment,Can Recent Rate Hikes Help India's Telecom Sector Recover?,India’s telecom sector has been facing a bloodbath ever since Reliance Jio arrived on the shore with its dirt-cheap pricing for both data and voice. The aggressive move,https://www.bajajfinservmarkets.in/discover/journals/blogs/investment/can-recent-rate-hikes-help-indias-telecom-sector-recover,615 views,"Dec 31,2019"
70,65,investment,Can Tik-Tok Break The Facebook-Google Duopoly on Digital Ad Dollars?,"It started as an off-beat place for users looking to share self-created videos of content ranging from funny to risky stunts. Now, it’s the biggest competitor to",https://www.bajajfinservmarkets.in/discover/journals/blogs/investment/can-tik-tok-break-the-facebook-google-duopoly-on-digital-ad-dollars,854 views,"Jan 9,2020"
71,63,investment,What is the risk of investing in Mutual Funds?,"“Mutual fund investments are subject to market risks, read all scheme related documents carefully”

You would have heard this sentence probably 1000 times before and yes, you have heard it",https://www.bajajfinservmarkets.in/discover/journals/blogs/investment/what-is-the-risk-of-investing-in-mutual-funds,236 views,"Aug 23,2020"
72,66,investment,Will The Government Overhaul The Direct Tax Code?,Indian companies got an early Diwali present when FM Nirmala Sitharaman cut the corporate tax rate from 30% to a statutory rate of just over 22%. This measure was welcomed,https://www.bajajfinservmarkets.in/discover/journals/blogs/investment/will-the-government-overhaul-the-direct-tax-code,494 views,"Dec 31,2019"
73,16,loan,Do More With The Finserv MARKETS App,"When you require financial help, the first step is to decide how to do it. You might consider applying for a loan. With a personal loan, you are not required",https://www.bajajfinservmarkets.in/discover/journals/blogs/loans/do-more-with-finserv-markets-app,283 views,"Sep 22,2020"
74,18,loan,Does a Low CIBIL Score Prevent You From Getting a Personal Loan?,"A common question asked is whether having a low CIBIL score makes it impossible, or extremely difficult, for you to avail a personal loan. The answer is not as straightforward",https://www.bajajfinservmarkets.in/discover/journals/blogs/loans/does-a-low-cibil-score-prevent-you-from-getting-a-personal-loan,851 views,"Jul 4,2020"
75,13,loan,How Loan Restructuring Impacts CIBIL Score and Eligibility,Reserve Bank of India (RBI) proposed a one-time loan restructuring on loans to ease the stress on borrowers who are facing financial difficulties. RBI allowed a one-time restructuring,https://www.bajajfinservmarkets.in/discover/journals/blogs/loans/how-loan-restructuring-impacts-cibil-score-and-eligibility,382 views,"Nov 27,2020"
76,12,loan,Hybrid Model of Lending: Is this the future,"Introduction
In India, over the past few years, there has been a paradigm shift in consumer behaviour, with regards to financial transactions and the rise of fintech companies that have",https://www.bajajfinservmarkets.in/discover/journals/blogs/loans/hybrid-model-of-lending-is-this-the-future,289 views,"Dec 4,2020"
77,14,loan,Loan Restructuring Guidelines By RBI,The Reserve Bank of India (RBI) has proposed a one-time restructuring of loans for borrowers struggling with repayments due to lack of liquidity. The plan is to restructure these,https://www.bajajfinservmarkets.in/discover/journals/blogs/loans/loan-restructuring-guidelines-by-rbi,1.08 K views,"Oct 14,2020"
78,15,loan,Need Urgent Finance for Small Business ? Choose Bajaj Finserv Business Loan,What is a business loan ? Business loan is a type of unsecured loan in which no mortgage is needed. Business loans are availed by entrepreneurs and industrialists to cover various,https://www.bajajfinservmarkets.in/discover/journals/blogs/loans/need-urgent-finance-for-small-business-choose-bajaj-finserv-business-loan,496 views,"Sep 23,2020"
79,19,loan,Simple Tips To Improve Your CIBIL Score,"Banks and credit providers each have their own set of parameters when deciding to lend an amount to an applicant. However, the RBI has mandated that banks must consider CIBIL",https://www.bajajfinservmarkets.in/discover/journals/blogs/loans/simple-tips-to-improve-your-cibil-score,36.85 K views,"Jul 4,2020"
80,17,loan,What Lenders Look For in Your Bank Statement,Bank Statement is one of the first documents that lenders ask for when taking decisions on loan applications. It is the single most important document that can decide if one,https://www.bajajfinservmarkets.in/discover/journals/blogs/loans/what-lenders-look-for-in-your-bank-statement,313 views,"Sep 18,2020"
81,79,payment,From Net Banking to UPI,"In April 2016, the National Payments Corporation of India (NPCI)—a Reserve Bank of India regulated organisation—launched the United Payment Interface (UPI) payment system in India. UPI is a",https://www.bajajfinservmarkets.in/discover/journals/blogs/payments/from-net-banking-to-upi,513 views,"Dec 5,2019"
82,76,payment,"MARKETS Pay, your Valentine’s Day saviour","This Valentine, let UPI help you on-the go! The Unified Payments Interface (UPI) ever since its launch in 2016, has garnered much popularity. Over time, UPI transactions have seen",https://www.bajajfinservmarkets.in/discover/journals/blogs/payments/how-safe-are-upi-payments,506 views,"Dec 5,2019"
83,72,payment,How safe UPI Payments are ?,It looks very convenient from User interface or front end to pay via UPI ID or Mobile number without sharing any account details with your friend or Payer but there,https://www.bajajfinservmarkets.in/discover/journals/blogs/payments/how-safe-upi-payments-are,194 views,"Aug 23,2020"
84,78,payment,How to Protect Yourself from UPI Fraud?,India has become the country with most advanced system of payments in the world. This giant leap has been powered by UPI (Universal Payment Interface) and IMPS (Immediate Payment System,https://www.bajajfinservmarkets.in/discover/journals/blogs/payments/how-to-protect-yourself-from-upi-fraud,500 views,"Dec 5,2019"
85,71,payment,What Is a UPI ID and How to Use It?,Our lives have changed drastically in the last few years especially with the advancement of Mobile phones. People have gradually moved away from carry money in their wallets to credit,https://www.bajajfinservmarkets.in/discover/journals/blogs/payments/how-to-use-upi,194 views,"Aug 24,2020"
86,70,payment,How UPI is better than other Digital Payment Modes,"Pandemic & the “New Normal” has brought many changes to our lives, whether it be social distancing, wearing masks, sanitizing every few minutes or simply the way we interact with",https://www.bajajfinservmarkets.in/discover/journals/blogs/payments/how-upi-is-better-than-other-digital-payment-modes,621 views,"Aug 24,2020"
87,73,payment,Make safe digital payments with Finserv MARKETS UPI App,"Using Finserv MARKETS UPI app users can make SAFE digital payments. While keeping oneself safe from the coronavirus, one must be mindful of cybercriminals. These criminals are especially targeting users",https://www.bajajfinservmarkets.in/discover/journals/blogs/payments/make-safe-digital-payments-with-finserv-markets-upi-app,593 views,"Aug 23,2020"
88,74,payment,Mobile Payment Apps Driving Fintech Frenzy in India,The advent of digitization has led to a significant rise in the number of mobile payment apps in India. These mobile payment apps have helped our country take a step,https://www.bajajfinservmarkets.in/discover/journals/blogs/payments/mobile-payment-apps-driving-fintech-frenzy-in-india,1.03 K views,"Feb 3,2020"
89,75,payment,UPI 2.0 An Overview,For those living under a rock for the past few years let me start off by saying that this is an attempt at explaining the new wave of Unified Payments,https://www.bajajfinservmarkets.in/discover/journals/blogs/payments/upi-2-0-an-overview,434 views,"Dec 5,2019"
90,77,payment,What is UPI After All?,United Payments Interface (UPI) is an instant payment system which allows immediate transfer of funds from one bank account to another through a mobile phone platform. It is a single,https://www.bajajfinservmarkets.in/discover/journals/blogs/payments/what-is-upi-after-all,462 views,"Dec 5,2019"
91,82,service,Here's How You can Access All Your Financial Needs in One Go,"In the hustle and bustle of daily life, having to manage our financial transactions can seem extremely complicated and time-consuming. But what if we told you there is a",https://www.bajajfinservmarkets.in/discover/journals/blogs/service/heres-how-you-can-access-all-your-financial-needs-in-one-go,499 views,"Nov 26,2019"
92,83,service,Here’s Why You Should Not Skip Your EMI Payments,A personal loan is typically required to be repaid as equated monthly instalments or EMIs. While most banks and lenders require that you pay a portion of the principal in,https://www.bajajfinservmarkets.in/discover/journals/blogs/service/heres-why-you-should-not-skip-your-emi-payments,927 views,"Nov 7,2019"
93,84,service,Hybrid Flexi Loan: A Flexible and Convenient Solution for The New-Age Borrower,"Personal loans can be useful in a variety of ways. With good credit, you can obtain a personal loan for any purpose, right from paying medical bills or consolidating debt",https://www.bajajfinservmarkets.in/discover/journals/blogs/service/hybrid-flexi-loan-a-flexible-and-convenient-solution-for-the-new-age-borrower,988 views,"Nov 7,2019"
94,81,service,Rewards Program on Finserv MARKETS App,"Are you a chrysophilist? If so, have you ever imagined the idea of buying gold by claiming your rewards accumulated on your purchases? If you thought this is too good",https://www.bajajfinservmarkets.in/discover/journals/blogs/service/rewards-program-on-finserv-markets-app,853 views,"Dec 6,2019"
95,97,insurance,Factors to Consider While Buying Two Wheeler Insurance,"With the number of road accidents in India on a rise, it is wise to be prepared with a two wheeler insurance. A bike insurance covers the costs in case",https://www.bajajfinservmarkets.in/discover/journals/infographics/insurance/factors-to-consider-while-buying-two-wheeler-insurance,593 views,"Jan 2,2020"
96,95,insurance,How to Get Travel Insurance Quote on Finserv MARKETS,Vacations need a lot of research and meticulous planning. And one of the most important tasks is to ensure your well-being even when things go a little off-track,https://www.bajajfinservmarkets.in/discover/journals/infographics/insurance/get-travel-insurance-quote-on-finserv-markets-app,461 views,"Apr 2,2020"
97,96,insurance,How to Compare Health Insurance Plans,Buying insurance but confused about which policy to choose? Ensure you make an informed decision while choosing an ideal health insurance plan. It is important to know how to compare,https://www.bajajfinservmarkets.in/discover/journals/infographics/insurance/how-to-compare-health-insurance-plans,1.05 K views,"Jan 2,2020"
98,104,insurance,Roadside Safety Tips,"Two-wheelers are extremely popular across India, offering freedom and independence to hundreds of thousands of citizens nation-wide. Unfortunately, this freedom comes at a cost, with road accidents involving",https://www.bajajfinservmarkets.in/discover/journals/infographics/insurance/roadside-safety-tips,715 views,"Nov 29,2019"
99,99,insurance,Tax Benefits of Investing in ULIPs,"ULIPs are considered to be one of the most reliable long-term wealth creation solutions. They stand out amongst other investment options as they provide the benefit of returns, protection",https://www.bajajfinservmarkets.in/discover/journals/infographics/insurance/tax-benefits-of-investing-in-ulips,502 views,"Dec 27,2019"
100,98,insurance,Tips to Choose a ULIP Plan,ULIP or Unit Linked Insurance Plan is a long-term investment plan with dual benefits of a life cover and investment. Part of the premiums paid by the policyholder is,https://www.bajajfinservmarkets.in/discover/journals/infographics/insurance/tips-to-choose-a-ulip-plan,709 views,"Dec 27,2019"
101,101,insurance,ULIP buying tips,"What is a ULIP?
A mix of investment and insurance, a Unit Linked Insurance Plan or ULIP offers policyholders a flexible way to create wealth with the additional security of",https://www.bajajfinservmarkets.in/discover/journals/infographics/insurance/ulip-buying-tips,617 views,"Nov 29,2019"
102,100,insurance,Why do you need bike insurance?,"There is no doubt that two-wheeler riders are more vulnerable to road accidents, and the costs of an accident can be extremely high. What's more, fines for not",https://www.bajajfinservmarkets.in/discover/journals/infographics/insurance/why-do-you-need-bike-insurance,556 views,"Nov 29,2019"
103,102,insurance,Why Health Insurance is Necessary?,A family health insurance plan covers your family during medical emergencies and reduces the financial impact of medical costs. Health insurance is extremely important when you consider how expensive medical,https://www.bajajfinservmarkets.in/discover/journals/infographics/insurance/why-health-insurance-is-necessary,574 views,"Nov 29,2019"
104,103,insurance,Why Travel Insurance is a Must,"From planning the trip to visiting your dream destination to bringing souvenirs for your loved ones, travelling can be life's most rewarding experiences. However, there are certain unforeseen circumstances",https://www.bajajfinservmarkets.in/discover/journals/infographics/insurance/why-travel-insurance-is-a-must,465 views,"Nov 29,2019"
105,92,loan,All You Need to Know About the Mudra Loan,The Pradhan Mantri Mudra Yojna (PMMY) is a scheme launched by the Prime Minister in 2015 to fund income-generating activities of micro and small businesses in the non-farming,https://www.bajajfinservmarkets.in/discover/journals/infographics/loans/all-you-need-to-know-about-the-mudra-loan,710 views,"Mar 11,2020"
106,90,loan,Infographics for Components of GST,"Goods & Services Tax (GST) combines all the indirect taxes into a comprehensive single tax, both at the Central and State level. And hence, GST plays an important role in",https://www.bajajfinservmarkets.in/discover/journals/infographics/loans/components-of-gst-infographic,556 views,"Mar 24,2020"
107,94,loan,How Home Loan Can Save Tax,If you are going to buy a house on a Home Loan then here are some facts about how you can do it while saving a decent amount of tax,https://www.bajajfinservmarkets.in/discover/journals/infographics/loans/how-home-loan-can-save-tax,537 views,"Feb 22,2020"
108,91,loan,How to Apply for a Personal Loan from Finserv MARKETS App,"Steps to Apply for Personal Loan on Finserv MARKETS App
Applying for a Personal Loan from the Finserv MARKETS App is super easy. Here are the 4 quick steps to",https://www.bajajfinservmarkets.in/discover/journals/infographics/loans/how-to-apply-for-a-personal-loan-from-finserv-markets-app,640 views,"Mar 18,2020"
109,86,loan,How To Apply for Bajaj Finance Personal Loan at Finserv MARKETS,,https://www.bajajfinservmarkets.in/discover/journals/infographics/loans/how-to-apply-for-bajaj-finance-personal-loan-at-finserv-markets,191 views,"Nov 20,2020"
110,85,loan,How To Avail a Home Loan at Finserv MARKETS,,https://www.bajajfinservmarkets.in/discover/journals/infographics/loans/how-to-avail-a-home-loan-at-finserv-markets,209 views,"Nov 21,2020"
111,89,loan,Income Tax-Saving Tips for Small Businesses,"New entrepreneurs can often find themselves in a confused state when decoding the Indian taxation system and figuring out how to minimize their tax payments when filing returns.
Here are",https://www.bajajfinservmarkets.in/discover/journals/infographics/loans/income-tax-saving-tips-for-small-business,477 views,"Apr 14,2020"
112,87,loan,Types of Professional Loan,"What is a Professional Loan?
A professional loan serves as a financial help provided to the individuals of different professions like doctors, chartered accountants to meet their financial requirements. The",https://www.bajajfinservmarkets.in/discover/journals/infographics/loans/types-of-professional-loan,1.39 K views,"Apr 14,2020"
113,88,loan,Choose the Right Small Business Loan,One of the most notable facts about small business loans is that there are so many different kinds of them. This allows you to be sharp in your loan selection,https://www.bajajfinservmarkets.in/discover/journals/infographics/loans/types-of-small-business-loans,667 views,"Apr 14,2020"
114,93,loan,What affects your Credit Score?,A credit score is a very significant number that affects your financial life. This three-digit number decides if you can get a credit card or a loan of the,https://www.bajajfinservmarkets.in/discover/journals/infographics/loans/what-affects-your-credit-score,677 views,"Feb 22,2020"
115,172,emi,AC,,https://www.bajajfinservmarkets.in/discover/videos/featured-videos/emi-store/ac, 307 Views ,"Jul 6,2019"
116,167,emi,EMI Store,,https://www.bajajfinservmarkets.in/discover/videos/featured-videos/emi-store/emi-store, 1.20 K Views ,"Jan 10,2020"
117,168,emi,Home Appliances,,https://www.bajajfinservmarkets.in/discover/videos/featured-videos/emi-store/home-appliances, 535 Views ,"Jul 6,2019"
118,173,emi,Laptop,,https://www.bajajfinservmarkets.in/discover/videos/featured-videos/emi-store/laptop, 310 Views ,"Jul 6,2019"
119,174,emi,Mobile Phone,,https://www.bajajfinservmarkets.in/discover/videos/featured-videos/emi-store/mobile-phone, 315 Views ,"Jul 5,2019"
120,171,emi,Refrigerator,,https://www.bajajfinservmarkets.in/discover/videos/featured-videos/emi-store/refrigerator, 313 Views ,"Jul 6,2019"
121,170,emi,TV,,https://www.bajajfinservmarkets.in/discover/videos/featured-videos/emi-store/tv, 475 Views ,"Jul 6,2019"
122,169,emi,Washing Machine,,https://www.bajajfinservmarkets.in/discover/videos/featured-videos/emi-store/washing-machine, 352 Views ,"Jul 6,2019"
123,161,insurance,Cyber Insurance,,https://www.bajajfinservmarkets.in/discover/videos/featured-videos/insurance/cyber-insurance, 336 Views ,"Jul 6,2019"
124,159,insurance,Four Wheeler Insurance,,https://www.bajajfinservmarkets.in/discover/videos/featured-videos/insurance/four-wheeler-insurance, 482 Views ,"Jan 10,2020"
125,162,insurance,Travel Insurance,,https://www.bajajfinservmarkets.in/discover/videos/featured-videos/insurance/travel-insurance, 317 Views ,"Jul 6,2019"
126,160,insurance,Two Wheeler Insurance,,https://www.bajajfinservmarkets.in/discover/videos/featured-videos/insurance/two-wheeler-insurance, 456 Views ,"Jul 6,2019"
127,180,investment,Child Plan,,https://www.bajajfinservmarkets.in/discover/videos/featured-videos/investment/child-plan, 322 Views ,"Jul 6,2019"
128,177,investment,Digital Gold,,https://www.bajajfinservmarkets.in/discover/videos/featured-videos/investment/digital-gold, 798 Views ,"Jul 6,2019"
129,176,investment,Fixed Deposit,,https://www.bajajfinservmarkets.in/discover/videos/featured-videos/investment/fixed-deposit, 740 Views ,"Jul 7,2019"
130,175,investment,Investment Plan,,https://www.bajajfinservmarkets.in/discover/videos/featured-videos/investment/investment-plan, 339 Views ,"Jan 10,2020"
131,178,investment,National Pension Scheme,,https://www.bajajfinservmarkets.in/discover/videos/featured-videos/investment/national-pension-scheme, 312 Views ,"Jul 6,2019"
132,179,investment,Retirement Plan,,https://www.bajajfinservmarkets.in/discover/videos/featured-videos/investment/retirement-plan, 302 Views ,"Jul 6,2019"
133,151,loan,Bajaj Finserv Home Loan Balance Transfer,Want to save on your existing home loan? You can pay off your existing home loan at attractive interest rates by applying for our Bajaj Finserv Home Loan Balance Transfer,https://www.bajajfinservmarkets.in/discover/videos/featured-videos/loans/home-loan-balance-transfer, 327 Views ,"Jul 6,2019"
134,152,loan,Bajaj Finserv Home Loan,"Planning to buy the house of your dreams? Apply for Bajaj Finserv home loan and enjoy a wide range of benefits like flexible repayments, no part-payment or foreclosure charges",https://www.bajajfinservmarkets.in/discover/videos/featured-videos/loans/home-loan-fresh, 445 Views ,"Jul 6,2019"
135,149,loan,Loan Against Property,"In need of financial funding to take care of a business expansion or a wedding expenditure, or fulfilling your child’s dream of studying abroad? Get a Loan Against Property",https://www.bajajfinservmarkets.in/discover/videos/featured-videos/loans/loan-against-property, 520 Views ,"Jul 6,2019"
136,150,loan,Loan Against Property Balance Transfer Video,Have a loan against property that you wish to transfer? The best way to save a lot of money from paying back a loan against property is to opt for,https://www.bajajfinservmarkets.in/discover/videos/featured-videos/loans/loan-against-property-balance-transfer, 345 Views ,"Jul 6,2019"
137,153,loan,Professional Loan Video,"Whether it’s starting your own practice, buying new equipment, expanding your services or inducing technology in your services, Professional Loan for Doctors and Chartered Accountants will cater to all",https://www.bajajfinservmarkets.in/discover/videos/featured-videos/loans/professional-loan, 439 Views ,"Jul 6,2019"
138,148,loan,Used Car Finance,,https://www.bajajfinservmarkets.in/discover/videos/featured-videos/loans/used-car-finance, 356 Views ,"Jul 6,2019"
139,165,payment,Credit Card,,https://www.bajajfinservmarkets.in/discover/videos/featured-videos/payments/credit-card, 306 Views ,"Jul 6,2019"
140,163,payment,EMI Card,,https://www.bajajfinservmarkets.in/discover/videos/featured-videos/payments/emi-card, 1.03 K Views ,"Jan 10,2020"
141,166,payment,Future Group EMI Card,,https://www.bajajfinservmarkets.in/discover/videos/featured-videos/payments/future-group-emi-card, 308 Views ,"Jul 6,2019"
142,164,payment,Wallet,,https://www.bajajfinservmarkets.in/discover/videos/featured-videos/payments/wallet, 332 Views ,"Jul 6,2019"
143,186,service,Finserv MARKETS Customer Portal Guide: Loan Foreclosure,Foreclose your loan at your convenience. Finserv MARKETS customer portal lets you to foreclose your loan whenever you feel like. You can easily apply for a new loan at Finserv,https://www.bajajfinservmarkets.in/discover/videos/featured-videos/service/finserv-markets-customer-portal-guide-loan-foreclosure, 1.24 K Views ,"Jan 9,2020"
144,185,service,Finserv MARKETS Customer Portal Guide: Managing Missed EMI Payments,Missed your last EMI? Worry not! Finserv MARKETS lets you catch up to your Missed EMI payments in a few simple steps. Whether it’s withdrawing money from your current,https://www.bajajfinservmarkets.in/discover/videos/featured-videos/service/finserv-markets-customer-portal-guide-managing-missed-emi-payments, 4.37 K Views ,"Jan 9,2020"
145,187,service,Finserv MARKETS Customer Portal Guide: Money Withdrawal - Flexi Hybrid Loan,Now withdraw money from your loan whenever you need. Finserv MARKETS customer portal lets you withdraw from your loan account in a few simple steps. Whether it’s withdrawing money,https://www.bajajfinservmarkets.in/discover/videos/featured-videos/service/finserv-markets-customer-portal-guide-money-withdrawal-flexi-hybrid-loan, 1.78 K Views ,"Jan 9,2020"
146,189,service,Finserv MARKETS Customer Portal Guide: Part Payment - Flexi Hybrid Loan,Finserv MARKETS Customer Portal helps you easily manage your loan account. Part paying your Flexi loan is now much simpler. All you have to do is log into the Customer,https://www.bajajfinservmarkets.in/discover/videos/featured-videos/service/finserv-markets-customer-portal-guide-part-payment-flexi-hybrid-loan, 839 Views ,"Jan 9,2020"
147,188,service,Finserv MARKETS Customer Portal Guide: Part Payment - Term Loan,Finserv MARKETS Customer Portal helps you easily manage your loan account. Part paying your Term loan is now much simpler. All you have to do is log into the Customer,https://www.bajajfinservmarkets.in/discover/videos/featured-videos/service/finserv-markets-customer-portal-guide-part-payment-term-loan, 824 Views ,"Jan 9,2020"
148,191,information,Aarogya Care: Your One-Stop Destination for All Your Healthcare Needs by Bajaj Finserv Health Ltd.,"Bajaj Finserv Ltd., India’s leading financial services conglomerate, recently announced the launch of its fully owned subsidiary Bajaj Finserv Health Ltd, (BFHL), a health-tech solutions business, aimed at",https://www.bajajfinservmarkets.in/discover/videos/news-flash/insurance/aarogya-care-your-one-stop-destination-for-all-your-healthcare-needs-by-bajaj-finserv-health-ltd, 674 Views ,"Sep 25,2020"
149,190,information,The Economic Times Innovation Awards 2020,It’s a great day for us at Finserv MARKETS. We have won the coveted “The Economic Times Innovation Awards 2020” for Business Model Innovation! Big thanks to The Economic,https://www.bajajfinservmarkets.in/discover/videos/news-flash/news-flash/the-economic-times-innovation-awards-2020, 5.50 K Views ,"Nov 5,2020"
150,196,calculator,Home Insurance Calculator,Secure your property with home insurance. Calculate the policy premium through simple steps of this tool.,https://www.bajajfinservmarkets.in/gi/insurance/home-insurance/premium-calculator/#/propertySelection.html,-,-
151,136,market,GST,Goods and Services Tax (GST) has been successful in simplifying the indirect taxation structure of India. Know more about GST here.,https://www.bajajfinservmarkets.in/gst.html,-,-
152,192,calculator,Car Insurance Calculator,Know the cost of your car insurance policy to make an informed decision.,https://www.bajajfinservmarkets.in/insurance/car-insurance/car-insurance-premium-calculator/vehicleRegistration.html,-,-
153,210,calculator,Compound Interest Calculator,Determine how your money can amplify using the power of compound interest.,https://www.bajajfinservmarkets.in/insurance/compound-interest-calculator.html,-,-
154,212,calculator,BMI Calculator,Use our BMI calculator to determine your weight category and plan your health routine accordingly.,https://www.bajajfinservmarkets.in/insurance/health-insurance/bmi-calculator.html,-,-
155,213,calculator,Calorie Calculator,Determine how many calories you should be eating per day to either maintain or lose your weight.,https://www.bajajfinservmarkets.in/insurance/health-insurance/calorie-calculator.html,-,-
156,194,calculator,Health Insurance Premium Calculator,Understand how much your health insurance will cost so that you can secure your and your family’s medical needs.,https://www.bajajfinservmarkets.in/insurance/health-insurance/health-insurance-premium-calculator/getGoingNow.html,-,-
157,200,calculator,Human Life Value Calculator,Know how much life insurance coverage you need based on your lifestyle habits and more.,https://www.bajajfinservmarkets.in/insurance/human-life-value-calculator-hlv.html,-,-
158,199,calculator,IDV Calculator,Calculate the Insured Declared Value (IDV) of your vehicle before buying a motor insurance plan.,https://www.bajajfinservmarkets.in/insurance/motor-insurance/idv-calculator.html,-,-
159,195,calculator,Travel Insurance Premium Calculator,Travel in mind? Don’t forget your travel insurance policy. Know the policy cost in a few clicks.,https://www.bajajfinservmarkets.in/insurance/travel-insurance/individual-travel-insurance.html,-,-
160,193,calculator,Bike Insurance Calculator,Calculate your two-wheeler insurance premium in just a few clicks.,https://www.bajajfinservmarkets.in/insurance/two-wheeler-insurance/bike-insurance-premium-calculator/vehicleRegistration.html,-,-
161,198,calculator,ULIP Risk Calculator,Calculate the risk involved in your chosen ULIP before investing in the policy.,https://www.bajajfinservmarkets.in/insurance/ulip/ulip-risk-calculator.html,-,-
162,197,calculator,Term Insurance Calculator,"Term insurance is an affordable life insurance plan. So, how much do you pay? Use the term insurance premium calculator to know the policy cost.",https://www.bajajfinservmarkets.in/li/term-insurance-calculator/#/GetQuoteDetails.html,-,-
163,203,calculator,Business Loan Calculator,"Do you need funds to sustain or expand your business? With our Business Loan calculator, determine your monthly repayments to make an informed decision.",https://www.bajajfinservmarkets.in/loans/business-loan/business-loan-emi-calculator.html,-,-
164,206,calculator,Business Loan Calculator for Doctors,We offer Business Loans for Doctors specifically. You can use this calculator to determine your EMIs and plan accordingly.,https://www.bajajfinservmarkets.in/loans/business-loan/business-loan-for-doctors/business-loan-emi-calculator-for-doctors.html,-,-
165,135,market,E-Way Bill,"The Electronic Way (E-way) bill is a document introduced under the GST regime. This bill is generated before transporting or shipping goods worth more than INR 50,000 within state or interstate. Read on to know more.",https://www.bajajfinservmarkets.in/loans/business-loan/e-way-bill.html,-,-
166,202,calculator,Home Loan EMI Calculator,Planning to buy a new house? Calculate your EMIs with ease using our Home Loan calculator.,https://www.bajajfinservmarkets.in/loans/home-loan/home-loan-emi-calculator.html,-,-
167,205,calculator,Loan Against Property Balance Transfer Calculator,"Are you looking to transfer your existing home loan to another lender? In that case, calculate your EMIs, that you will need to pay in the future, using the LAPBT calculator.",https://www.bajajfinservmarkets.in/loans/loan-against-property-balance-transfer/loan-against-property-balance-transfer-emi-calculator.html,-,-
168,204,calculator,MARKETS iCash Calculator,Quickly fix your personal financial shortfall with MARKETS iCash. Know how much you’d need to repay using this calculator and plan your finances accordingly.,https://www.bajajfinservmarkets.in/loans/markets-icash/emi-calculator.html,-,-
169,201,calculator,Personal Loan EMI Calculator,Use our Personal Loan EMI Calculator to calculate your monthly EMI and get a step closer to managing your finances  well.,https://www.bajajfinservmarkets.in/loans/personal-loan/personal-loan-emi-calculator.html,-,-
170,133,market,Budget,"From a bolstering the infrastructure and healthcare sector to laying a foundation for ""Atmanirbhar Bharat”, Government underlines their commitment towards functional reforms with Budget 2021. Read on to find out what you can bet on!",https://www.bajajfinservmarkets.in/markets-insights/budget.html,-,-
171,134,market,Tax Center,"From income tax slabs, tax reforms, ITR filing to tax calculations, Tax Center keeps you updated with what you need to know as a tax payer. Get access to income tax tools and articles, all at one place!",https://www.bajajfinservmarkets.in/markets-insights/income-tax.html,-,-
172,207,calculator,Income Tax Calculator,Making your tax calculations easy. Use this tool to determine the approx. amount that you are liable to pay as tax.,https://www.bajajfinservmarkets.in/markets-insights/income-tax/income-tax-calculator.html,-,-
173,209,calculator,PPF Calculator,Use our PPF calculator to perform even the most complex PPF-related calculations with ease.,https://www.bajajfinservmarkets.in/ppf-calculator.html,-,-
