,index,Questions
0,211,Fixed Deposit Calculator
1,208,Sukanya Samriddhi Calculator
2,130,"Buy Now, Pay Later: The EMI Route to Ownership"
3,125,Credit Cards 101: A Handy Guide
4,131,Digital Financing: Need of The Hour
5,127,How Prepaid Payment Instruments can Change The Face of India’s Payment Industry
6,128,India is Embracing New Payment Methods. Are You?
7,129,India’s Digital Payment Journey is Headed in An Exciting New Direction
8,126,The Pillar of Digital India - Mobile Manufacturing
9,121,A 7-Point Checklist for Renewing Your Car Insurance
10,116,A Cheat Sheet on Insurance and Its Types
11,118,A Crash Course on The Indian Insurance Industry
12,120,Do Multiple Health Insurance Claims Confuse You? Look No Further For Clarity!
13,117,Here are Some Invaluable Hacks to Reduce Your Term Insurance Premium
14,124,"High Value Health Insurance, Demystified"
15,115,Life Insurance in Times of Pandemic
16,122,Looking for Handy Tips to Save Money on Your Vehicle Purchase? Look No Further!
17,123,The Insurance Terminology Starter Kit
18,119,Want to Change Your Health Insurer But Scared of Losing Benefits? Relax and Read Along
19,105,Afraid of Loan Rejection? Here’s How You can Avoid It
20,110,Applying for A Loan? Here’s Everything You Need to Know
21,112,How do NBFCs Help in The Smooth Functioning of The Economy?
22,113,The A-Zs of Availing a Loan
23,111,The Revolution Powered by The Interoperability of Prepaid Payment Instruments
24,109,The Secret to Lower Taxes and Lighter Home Loan Burden: Joint Home Loans
25,107,The Ultimate Guide to Taking Out A Home Loan
26,114,To be or Not to be: A Data Scientist?
27,108,Understanding the Five Cs of Credit
28,106,What NBFCs are Getting Right About India’s Digital Future
29,132,7 Key Pillars of the Finserv MARKETS platform
30,35,5 Credit Card Features That Exclusively Benefit a Traveller Like You
31,30,How Important Are Credit Card Statements?
32,34,How to Choose The right Credit Card?
33,36,How to Convert Credit Card Purchases into Easy EMIs
34,32,How to Improve Credit Card Eligibility and What are The Influential Factors?
35,39,"This Diwali, make the most out of your Credit Cards"
36,37,Using Your Credit Card: Hacks and Tips
37,31,What is A Credit Card?
38,33,Which is Better Credit Card Or Debit Card?
39,38,Why Bajaj Finserv Supercard is The best in The Market!
40,47,7 Things that the Bajaj Finserv EMI Network Card can help you buy easily
41,41,Add colors to your Black Friday shopping with the Bajaj Finserv EMI Network Card
42,49,Buy Now and Pay Later in Easy No Cost EMIs during a Cash Crunch!
43,45,Maximize Saving and Pay in No Cost EMIs with the Bajaj Finserv EMI Network Card As You Shop on the Flipkart Sale
44,44,"This Halloween, use the Bajaj Finserv EMI Network Card & stay away from getting spooked by shopping bills!"
45,48,Hassle-Free Application and Eligibility for Instant Bajaj EMI Network Card Approvals
46,42,7 Gifts to Buy Online for Your Children to Help them Make the Most of Their Childhood
47,43,5 Shopping Lessons for Navratri 2020
48,46,Top products to buy on Amazon using Bajaj Finserv EMI Network Card
49,51,Explain each platform in the MARKETS+ bundle in brief
50,50,The Grand EMI Festival is Back: Grab Irresistible Discounts and Unbelievable Offers
51,57,"Samsung Galaxy A51 : Price, Features & Specifications"
52,56,"Samsung Galaxy M01 : Price, Features & Specifications"
53,54,"Samsung Galaxy M11 : Price, Features & Specifications"
54,52,"Samsung Galaxy M21 Price, Features and Specifications"
55,53,"Samsung Galaxy M30s Price, Features & Specifications"
56,55,"Samsung Galaxy M31 : Price, Features & Specifications"
57,58,"Vivo V19 Price, Features & Specifications"
58,59,"Vivo Y50 Price, Features & Specifications"
59,23,Home Remedies for Headache
60,25,Best Crossover Cars in India
61,26,Difference Between Corporate & Individual Health Insurance
62,27,Home Remedies for Acidity
63,28,Home Remedies for Cold
64,29,Cough Remedies
65,24,Types of Personal Hygiene
66,69,5 Big PSU Privatisation on The Cards in 2020
67,64,7 Fintech Trends that Transform the Financial Services Forever
68,68,Can India Benefit from Disruptions in Global Supply Chains?
69,67,Can Recent Rate Hikes Help India's Telecom Sector Recover?
70,65,Can Tik-Tok Break The Facebook-Google Duopoly on Digital Ad Dollars?
71,63,What is the risk of investing in Mutual Funds?
72,66,Will The Government Overhaul The Direct Tax Code?
73,16,Do More With The Finserv MARKETS App
74,18,Does a Low CIBIL Score Prevent You From Getting a Personal Loan?
75,13,How Loan Restructuring Impacts CIBIL Score and Eligibility
76,12,Hybrid Model of Lending: Is this the future
77,14,Loan Restructuring Guidelines By RBI
78,15,Need Urgent Finance for Small Business ? Choose Bajaj Finserv Business Loan
79,19,Simple Tips To Improve Your CIBIL Score
80,17,What Lenders Look For in Your Bank Statement
81,79,From Net Banking to UPI
82,76,"MARKETS Pay, your Valentine’s Day saviour"
83,72,How safe UPI Payments are ?
84,78,How to Protect Yourself from UPI Fraud?
85,71,What Is a UPI ID and How to Use It?
86,70,How UPI is better than other Digital Payment Modes
87,73,Make safe digital payments with Finserv MARKETS UPI App
88,74,Mobile Payment Apps Driving Fintech Frenzy in India
89,75,UPI 2.0 An Overview
90,77,What is UPI After All?
91,82,Here's How You can Access All Your Financial Needs in One Go
92,83,Here’s Why You Should Not Skip Your EMI Payments
93,84,Hybrid Flexi Loan: A Flexible and Convenient Solution for The New-Age Borrower
94,81,Rewards Program on Finserv MARKETS App
95,97,Factors to Consider While Buying Two Wheeler Insurance
96,95,How to Get Travel Insurance Quote on Finserv MARKETS
97,96,How to Compare Health Insurance Plans
98,104,Roadside Safety Tips
99,99,Tax Benefits of Investing in ULIPs
100,98,Tips to Choose a ULIP Plan
101,101,ULIP buying tips
102,100,Why do you need bike insurance?
103,102,Why Health Insurance is Necessary?
104,103,Why Travel Insurance is a Must
105,92,All You Need to Know About the Mudra Loan
106,90,Infographics for Components of GST
107,94,How Home Loan Can Save Tax
108,91,How to Apply for a Personal Loan from Finserv MARKETS App
109,86,How To Apply for Bajaj Finance Personal Loan at Finserv MARKETS
110,85,How To Avail a Home Loan at Finserv MARKETS
111,89,Income Tax-Saving Tips for Small Businesses
112,87,Types of Professional Loan
113,88,Choose the Right Small Business Loan
114,93,What affects your Credit Score?
115,172,AC
116,167,EMI Store
117,168,Home Appliances
118,173,Laptop
119,174,Mobile Phone
120,171,Refrigerator
121,170,TV
122,169,Washing Machine
123,161,Cyber Insurance
124,159,Four Wheeler Insurance
125,162,Travel Insurance
126,160,Two Wheeler Insurance
127,180,Child Plan
128,177,Digital Gold
129,176,Fixed Deposit
130,175,Investment Plan
131,178,National Pension Scheme
132,179,Retirement Plan
133,151,Bajaj Finserv Home Loan Balance Transfer
134,152,Bajaj Finserv Home Loan
135,149,Loan Against Property
136,150,Loan Against Property Balance Transfer Video
137,153,Professional Loan Video
138,148,Used Car Finance
139,165,Credit Card
140,163,EMI Card
141,166,Future Group EMI Card
142,164,Wallet
143,186,Finserv MARKETS Customer Portal Guide: Loan Foreclosure
144,185,Finserv MARKETS Customer Portal Guide: Managing Missed EMI Payments
145,187,Finserv MARKETS Customer Portal Guide: Money Withdrawal - Flexi Hybrid Loan
146,189,Finserv MARKETS Customer Portal Guide: Part Payment - Flexi Hybrid Loan
147,188,Finserv MARKETS Customer Portal Guide: Part Payment - Term Loan
148,191,Aarogya Care: Your One-Stop Destination for All Your Healthcare Needs by Bajaj Finserv Health Ltd.
149,190,The Economic Times Innovation Awards 2020
150,196,Home Insurance Calculator
151,136,GST
152,192,Car Insurance Calculator
153,210,Compound Interest Calculator
154,212,BMI Calculator
155,213,Calorie Calculator
156,194,Health Insurance Premium Calculator
157,200,Human Life Value Calculator
158,199,IDV Calculator
159,195,Travel Insurance Premium Calculator
160,193,Bike Insurance Calculator
161,198,ULIP Risk Calculator
162,197,Term Insurance Calculator
163,203,Business Loan Calculator
164,206,Business Loan Calculator for Doctors
165,135,E-Way Bill
166,202,Home Loan EMI Calculator
167,205,Loan Against Property Balance Transfer Calculator
168,204,MARKETS iCash Calculator
169,201,Personal Loan EMI Calculator
170,133,Budget
171,134,Tax Center
172,207,Income Tax Calculator
173,209,PPF Calculator
